text,created_at,id,username,retweet_count,like_count,source
"Pemerintah menyiapkan Asrama Haji Pondok Gede (900 tempat tidur, 50 ICU, 40 HCU), Rusun Nagrak (2.273 tempat tidur), dan Rusun Pasar Rumput (3.986 tempat tidur) sebagai tempat tambahan isolasi bagi mereka yang positif di Jakarta dan sekitarnya.

Tetap patuhi protokol kesehatan. https://t.co/vDyL2qJTP9",2021-07-06 10:59:23,1412365553805664257,jokowi,920,5211,Twitter for Android
"Tak ada tempat yang lebih baik saat ini selain di rumah saja dan menjauhi kerumunan. Selain melindungi keluarga dan lingkungan, juga membantu para tenaga kesehatan yang tengah berjuang menangani pasien Covid-19. 

Dengan persatuan, kita akan melalui masa sulit ini bersama-sama. https://t.co/kgRVoo5IhD",2021-07-05 01:28:13,1411859426458234881,jokowi,2021,11472,Twitter for Android
"Innalillahi wa inna ilaihi rajiun. Turut berdukacita atas berpulangnya Ibu Hj. Rachmawati Soekarnoputri. Almh. adalah tokoh yang jejaknya terentang luas, dari pendidikan hingga politik. 

Semoga arwahnya diterima di sisi Allah SWT, dan keluarga yang ditinggalkan diberi kesabaran. https://t.co/SEiJuVZRjJ",2021-07-03 10:52:10,1411276574926589958,jokowi,1550,14273,Twitter for Android
"Pemerintah memutuskan untuk memberlakukan PPKM Darurat di Jawa dan Bali, sejak 3 Juli hingga 20 Juli 2021.

Pemerintah akan mengerahkan seluruh sumber daya yang ada untuk mengatasi penyebaran Covid-19 ini.

https://t.co/6vIJDAgq78",2021-07-01 06:51:10,1410491149861543943,jokowi,1170,5911,Twitter for Android
"Kemarin, 14 juta dosis bahan baku vaksin dari Sinovac kembali tiba di Indonesia. Setelah itu akan datang lagi dari Covax/GAVI, AstraZeneca, dan dari Pfizer. 

Pemerintah berharap, di akhir tahun ini sebanyak 181,5 juta rakyat Indonesia telah divaksinasi.",2021-07-01 02:23:46,1410423857614245890,jokowi,216,1395,Twitter for Android
"Sampai kemarin, vaksinasi Covid-19 di Indonesia sudah mencapai 42 juta dosis. Target kita, bulan ini 34 juta dosis, Agustus 43,7 juta, September 53 juta, Oktober 84 juta, November 80,9 juta, dan Desember 71,7 juta. 

Dengan kerja keras target ini tidak sulit asal vaksinnya ada. https://t.co/2pr1xJUo1k",2021-07-01 02:23:46,1410423854942490630,jokowi,765,5543,Twitter for Android
"Kepolisian RI kini tidak sekadar menegakkan hukum, memelihara keamanan dan ketertiban masyarakat tapi juga berperan lebih luas lagi: dari menjaga kedisiplinan masyarakat dalam penerapan protokol kesehatan hingga menyukseskan program vaksinasi nasional.

Terima kasih Polri. https://t.co/UTreRKMTkA",2021-07-01 01:36:41,1410412008416055298,jokowi,673,4886,Twitter for Android
"Suasana pelaksanaan vaksinasi Covid-19 massal di Kota Kendari, hari ini.  Saya mengapresiasi kesigapan pemda melakukan vaksinasi di daerah masing-masing.

Dukungan pemda sangat penting untuk mencapai target satu juta vaksin per hari di bulan Juli, dan dua juta pada bulan Agustus. https://t.co/jcrNdV2MlR",2021-06-30 08:54:23,1410159770078748677,jokowi,375,3721,Twitter for Android
Saya menghargai setiap kritik. Dan sikap kritis itu justru bagus untuk negara demokrasi. https://t.co/CM2PWybHuS,2021-06-29 09:22:53,1409804553273315328,jokowi,3827,22286,Twitter for Android
"Program vaksinasi Covid-19 nasional telah mencapai 1,3 juta suntikan per hari, Sabtu lalu. Dan kini, BPOM telah menerbitkan izin penggunaan darurat vaksin Sinovac untuk anak-anak berusia 12-17 tahun. 

Mari, jangan ragu divaksinasi. https://t.co/ii6gXzG8ss",2021-06-28 12:24:02,1409487754392588288,jokowi,1256,8395,Twitter for Android
"Pemerintah berupaya mendatangkan vaksin. Tenaga kesehatan di garda terdepan menangani pasien. 

Lalu Anda? Kenakan masker, jaga jarak, dan jauhi kerumunan. Jika sudah ada kesempatan mendapatkan vaksin, segera ambil. 

Setiap kita punya peran dalam menghentikan laju pandemi ini. https://t.co/NZ1NaonirH",2021-06-28 02:04:11,1409331765693476864,jokowi,1536,8443,Twitter for Android
"Masyarakat antusias menerima vaksinasi Covid-19 di Lapangan Bhayangkara Mabes Polri dan Gelora Bung Karno, pagi ini. 

Mulai hari ini, kita targetkan vaksinasi satu juta suntikan per hari. Saya berharap, pada bulan Augustus nanti, bisa dua kali lebih banyak dari sekarang. https://t.co/VudzTBMvjH",2021-06-26 08:10:46,1408699240839221253,jokowi,615,4917,Twitter for Android
"Saya berkunjung mendadak ke salah satu RW yang menerapkan PPKM Mikro di Rawasari, Jakarta Pusat, siang tadi. PPKM Mikro bisa berjalan dengan baik di sini. 

Saya meminta pelaksanaan PPKM Mikro di tanah air dijalankan sepenuhnya, diawasi pemda, dan dibantu aparat TNI dan Polri. https://t.co/VZC7xLUQKU",2021-06-25 10:46:27,1408376032147636227,jokowi,693,6337,Twitter for Android
"Terima kasih kepada BPK yang di tengah berbagai keterbatasan aktivitas dan mobilitas di masa pandemi, telah melaksanakan pemeriksaan atas Laporan Keuangan Pemerintah Pusat tahun 2020 dengan tepat waktu. 

Alhamdulillah opininya adalah wajar tanpa pengecualian (WTP). https://t.co/AthUWgBr2u",2021-06-25 06:40:29,1408314132835672064,jokowi,425,3883,Twitter for Android
"Kita harus tetap berdisiplin menjaga diri, terutama memakai masker. Saya minta satu hal sederhana ini: tinggallah di rumah jika tidak ada kebutuhan yang mendesak.
 
Hanya dengan langkah bersama kita bisa menghentikan wabah ini.",2021-06-24 04:59:35,1407926355413528578,jokowi,233,1818,Twitter for Android
"Saudara-saudara, jika sudah ada kesempatan mendapatkan vaksin, segera ambil. Jangan menolak. Agama apapun tidak ada yang melarang vaksin. Ini demi keselamatan kita.
 
Vaksin merupakan upaya terbaik yang tersedia saat ini untuk mengatasi pandemi. https://t.co/fOtvskjvUc",2021-06-24 04:59:35,1407926353010171904,jokowi,1757,10789,Twitter for Android
"Pemerintah memutuskan bahwa PPKM Mikro masih menjadi kebijakan yang paling tepat untuk penanganan Covid-19 hingga ke tingkat desa atau langsung ke komunitas. 

Mengapa?

https://t.co/Fjo4CjNLhT",2021-06-23 10:07:07,1407641360782413825,jokowi,638,4476,Twitter for Android
"Terima kasih untuk segala perhatian dan doa untuk saya dan keluarga pada hari ini. 

Sekarang, negeri ini membutuhkan kerja keras kita semua untuk bersama-sama keluar dari pandemi. Tetaplah sehat, patuhi protokol kesehatan, semoga Allah SWT senantiasa melindungi kita. https://t.co/ddh4lQzU9X",2021-06-21 11:41:10,1406940250518089728,jokowi,1717,15195,Twitter for Android
"Indonesia telah menerima 104.728.400 dosis vaksin dari Sinovac, AstraZeneca, dan Sinopharm. Jumlah ini adalah bagian dari sekitar 426,8 juta dosis vaksin Covid-19 yang telah kita amankan melalui berbagai pendekatan bilateral dan multilateral.",2021-06-21 10:23:11,1406920627240411137,jokowi,114,1045,Twitter for Android
"Sejak Kamis, sesuai target, pemerintah telah mencatat angka 716 ribu vaksinasi per harinya. Ke depan, kita berusaha mencapai angka satu juta vaksinasi per hari. 

Dengan kerja sama yang baik antara Kemenkes, TNI, Polri, dan pemerintah daerah, target itu tentu akan kita capai.",2021-06-21 10:23:11,1406920625436774401,jokowi,92,996,Twitter for Android
"Lonjakan Covid-19 di beberapa daerah membuat kita harus bekerja lebih keras lagi untuk mengendalikan pandemi ini. 

Selain kebijakan PPKM mikro, pemerintah menggenjot pelaksanaan vaksinasi massal untuk mengejar kekebalan komunal terhadap Covid-19. https://t.co/BuFHMlNzor",2021-06-21 10:23:10,1406920623301873665,jokowi,520,3818,Twitter for Android
"Sebanyak 10 juta dosis bahan baku vaksin Sinovac tiba di Indonesia, siang ini. Dengan demikian, Indonesia telah menerima 104,7 juta dosis vaksin dari Sinovac, AstraZeneca, dan Sinopharm. 

Pemerintah berupaya mendatangkan vaksin, dan masyarakat menaati protokol kesehatan. https://t.co/XO3tpRPbsH",2021-06-20 10:17:13,1406556737197330435,jokowi,1110,7598,Twitter for Android
"Vaksinasi bagi warga Bogor hari ini digelar di Stadion Pakansari, serta rumah sakit dan puskesmas di kabupaten itu. 

Penerima vaksin adalah kaum lanjut usia, pendidik, pedagang pasar, tokoh agama, pegawai, pelayan publik, difabel, pelaku transportasi, dan masyarakat rentan lain. https://t.co/l0wOdMXuuf",2021-06-17 08:03:36,1405435949274714113,jokowi,326,3218,Twitter for Android
"Vaksinasi massal Covid-19 bagi para pengguna KRL, pelaku ekonomi dan masyarakat sekitar Stasiun Bogor digelar pagi ini menggunakan vaksin AstraZeneca.

Vaksinasi di tempat publik dengan mobilitas dan interaksi tinggi harus menjadi prioritas demi menekan penyebaran Covid-19. https://t.co/5WvSnaHAQ6",2021-06-17 06:12:15,1405407925871398916,jokowi,406,3495,Twitter for Android
Selamat bekerja Bapak Rusdy Mastura dan Bapak Ma'mun Amir sebagai Gubernur dan Wakil Gubernur Sulawesi Tengah masa jabatan 2021-2024. https://t.co/duVfvrrI0f,2021-06-16 13:18:41,1405152852587147270,jokowi,462,5370,Twitter for Android
"Vaksinasi massal Covid-19 hari ini digelar di Tennis Indoor Senayan untuk pekerja sektor perbankan, pasar modal, dan industri. Mereka divaksinasi dengan vaksin AstraZeneca. 

Vaksinasi massal kita gencarkan di semua sektor untuk mempercepat kekebalan komunal. https://t.co/9S5ud54Xqk",2021-06-16 05:45:51,1405038892865101827,jokowi,494,4101,Twitter for Android
"Kawasan seperti di Kompleks Rusun Tanah Tinggi, Jakarta ini padat interaksi sehingga warganya perlu mendapatkan prioritas vaksinasi.

Pemerintah menargetkan vaksinasi 100.000 dosis per hari untuk wilayah Jakarta, mudah-mudahan bisa menjangkau 7,5 juta warga pada akhir Agustus. https://t.co/HiVqv5e8wJ",2021-06-14 06:16:11,1404321753690562560,jokowi,414,3924,Twitter for Android
"Stadion Patriot Candrabhaga, Kota Bekasi, tiga hari ini, jadi lokasi pelaksanaan vaksinasi massal Covid-19 bagi kurang lebih 4.500 orang lansia, pekerja publik, difabel, hingga masyarakat umum.

Stadion sepakbola memungkinkan vaksinasi dilakukan dalam jumlah yang sangat besar. https://t.co/gPEWHnXAEy",2021-06-14 04:27:45,1404294466425421826,jokowi,343,2789,Twitter for Android
"Saya berharap Bandara Soedirman ini akan memberikan kontribusi bagi pertumbuhan ekonomi bagi Kabupaten Purbalingga dan daerah sekitarnya seperti Banyumas, Cilacap, Banjarnegara, Wonosobo, sampai Kebumen.",2021-06-12 05:02:06,1403578333250523136,jokowi,103,1393,Twitter for Android
"Saya meninggalkan Bandara Soedirman di Kab. Purbalingga, seusai kunjungan singkat, kemarin. 

Bandara ini baru beroperasi sepuluh hari, bahkan baru melayani penerbangan komersial Jakarta-Purbalingga dan Purbalingga-Surabaya dengan Citilink pada 3 Juni 2021. https://t.co/7RCv4fErJi",2021-06-12 05:02:05,1403578330733940738,jokowi,478,5620,Twitter for Android
"Jalan tol Semarang-Demak yang sedang dibangun ini panjangnya 26,7 km dan jadi bagian dari jaringan tol koridor Pantai Utara Jawa.

Fungsinya selain sebagai jalan tol, juga sebagai pengendalian banjir rob karena akan terpadu dengan tanggul laut yang melewati pesisir Semarang. https://t.co/J0yyHDfc64",2021-06-11 14:09:43,1403353758491316227,jokowi,485,4591,Twitter for Android
"Saya berharap Bandara Soedirman ini akan memberikan kontribusi bagi pertumbuhan ekonomi bagi Kabupaten Purbalingga dan daerah sekitarnya seperti Banyumas, Cilacap, Banjarnegara, Wonosobo, sampai Kebumen.",2021-06-11 06:15:37,1403234444677320707,jokowi,117,1169,Twitter for Android
"Indonesia telah mendatangkan 93,7 juta dosis vaksin dari Sinovac, AstraZeneca, dan Sinopharm. Ketiga jenis vaksin ini telah masuk ke dalam emergency use listing oleh WHO. 

Kita semua masih harus bekerja keras mengakhiri pandemi ini. Setiap kita menjadi bagian dari solusi.",2021-06-11 03:50:07,1403197831070949378,jokowi,81,749,Twitter for Android
"Kesenjangan distribusi dan vaksinasi Covid-19 di seluruh dunia masih sangat besar. 

Dari 2,2 miliar dosis vaksin yang telah disuntikkan, 75% berada di 10 negara maju dan hanya 0,4 persen di negara-negara berpenghasilan rendah.",2021-06-11 03:50:07,1403197829376397314,jokowi,69,719,Twitter for Android
"Pandemi Covid-19 masih jauh dari selesai. Hingga saat ini, hampir 175 juta orang di seluruh dunia telah terinfeksi dan lebih 3,7 juta meninggal.  

Kita masih harus waspada dan bekerja keras mengatasi pandemi ini, termasuk melalui vaksinasi dan pelaksanaan protokol kesehatan. https://t.co/0ps0sr33Ci",2021-06-11 03:50:06,1403197827065413634,jokowi,272,2374,Twitter for Android
"Hari ini, bersama Ibu Negara, saya hendak berkunjung ke Jawa Tengah. 

Dengan Pesawat Khusus ATR 72-600, saya akan mendarat di Bandara Soedirman, Kab. Purbalingga, sekaligus meninjau perkembangan pembangunan bandara yang baru beroperasi 1 Juni lalu itu. https://t.co/IdCy2IjEUV",2021-06-11 03:46:22,1403196884588449797,jokowi,337,3438,Twitter for Android
"Saya meninjau vaksinasi massal di sekitar Jakarta pagi ini, yakni Terminal Kampung Rambutan, Pelabuhan Tanjung Priok, dan Pelabuhan Sunda Kelapa. 

Tiga lokasi yang saya kunjungi ini adalah pusat layanan transportasi darat dan laut dengan tingkat interaksi masyarakat yang tinggi. https://t.co/tpsURbqdWJ",2021-06-10 07:53:38,1402896726055264257,jokowi,369,3574,Twitter for Android
"Dari Depok, Jawa Barat, saya meninjau vaksinasi Covid-19 massal lainnya yang digelar di Sport Center Kelapa Dua, Kab. Tangerang. 

Vaksinasi untuk sekitar 10.000 warga masyarakat umum, dari lansia, pralansia, sampai tenaga pendidik ini saya lihat berjalan dengan rapi dan baik. https://t.co/pL9xayb488",2021-06-09 07:44:35,1402532060460326916,jokowi,297,2596,Twitter for Android
Saya telah meminta dilakukannya percepatan pelaksanaan vaksinasi massal di Indonesia agar pada bulan Juni ini bisa sampai 700.000 penyuntikan dosis vaksin per harinya dan 1.000.000 dosis per hari untuk bulan Juli nanti.,2021-06-09 06:55:35,1402519727797202947,jokowi,100,902,Twitter for Android
"Vaksinasi massal Covid-19 digelar di RS Universitas Indonesia, Depok, hari ini bagi warga lanjut usia, pelayan publik, tenaga kependidikan, dan pengemudi ojek online dan pangkalan.

RSUI juga melayani vaksinasi secara drive thru bagi pelayan publik dan pengemudi ojek. https://t.co/1CCd2FR5Pb",2021-06-09 06:55:34,1402519722998996994,jokowi,299,2713,Twitter for Android
"Sejumlah stasiun LRT Jabodebek akan terintegrasi dengan moda transportasi lain seperti trans-Jakarta, commuter line, MRT, hingga kereta cepat Jakarta-Bandung.",2021-06-09 06:07:08,1402507536620609537,jokowi,113,986,Twitter for Android
"LRT Jabodebek dibangun dalam dua fase. Fase pertama sepanjang 44,43km melayani 18 titik pemberhentian pada tiga lintas pelayanan, yakni Cawang-Cibubur, Cawang-Dukuh Atas, dan Cawang-Bekasi Timur. LRT juga akan beroperasi di dua rute perjalanan, yakni Cibubur Line dan Bekasi Line.",2021-06-09 06:07:08,1402507534972297223,jokowi,113,1050,Twitter for Android
"Saya menjajal LRT Jabodebek dari Stasiun TMII ke Stasiun Harjamukti Cibubur pagi ini dengan antusias. Kereta LRT ini meluncur mulus, nyaman, nyaris tanpa suara. 

Pembangunannya sudah hampir 85%. Saya berharap, di bulan April 2022 sudah diuji coba dan beroperasi pada Juni 2022. https://t.co/eKQL2EL86S",2021-06-09 06:07:07,1402507532866768901,jokowi,781,5801,Twitter for Android
"Pancasila kini menghadapi tantangan globalisasi. Berbagai kemudahan berinteraksi lintas negara bisa digunakan oleh ideologi-ideologi trans-nasional radikal untuk merambah ke seluruh pelosok Indonesia. 

Mari memperkokoh nilai-nilai Pancasila dalam mewujudkan Indonesia Maju.",2021-06-01 04:22:11,1399582020884320259,jokowi,196,1622,Twitter for Android
"Upacara Peringatan Hari Lahir Pancasila 2021 digelar pagi ini secara virtual. Perangkat upacara menjalankan tugas dari lokasi masing-masing. 

Sebagaimana upacara ini, pendalaman nilai-nilai Pancasila hendaknya juga dilakukan dengan cara-cara baru dan memanfaatkan teknologi. https://t.co/OnA67rFdpZ",2021-06-01 04:22:10,1399582018615140358,jokowi,728,6027,Twitter for Android
"Bangsa yang besar ini telah melayari pelbagai zaman dengan berpedoman kepada nilai-nilai yang terkandung dalam Pancasila. 

Berpegangan pada nilai-nilai itu pula, dengan persatuan dan gotong royong, kita akan kembali melewati masa-masa sulit ini, dan keluar sebagai pemenangnya. https://t.co/LCHHqHuIW8",2021-06-01 01:03:03,1399531909483429888,jokowi,2171,11124,Twitter for Android
"Indonesia sudah mempunyai 75,9 juta dosis vaksin Covid-19 dalam bentuk jadi. Jumlah itu cukup untuk 37,5 juta orang.

Sejauh ini, program vaksinasi pemerintah telah mencapai 26,9 juta dosis, 16,3 juta di antaranya menerima vaksinasi dosis pertama dan 10,6 juta jiwa dosis kedua. https://t.co/b2qY8I8Srm",2021-05-31 11:24:07,1399325814349459459,jokowi,551,4198,Twitter for Android
"Rakyat menunggu hasil dari program yang dijalankan pemerintah serta manfaat dari setiap rupiah yang dibelanjakan pemerintah. 

Maka, pengawasan yang dilakukan juga harus menjamin sejak awal pelaksanaan bahwa tidak ada serupiah pun yang disalahgunakan.",2021-05-27 05:24:32,1397785774481756162,jokowi,168,1680,Twitter for Android
"Tahun 2021 ini adalah tahun percepatan pemulihan ekonomi nasional. Pada kuartal pertama, pertumbuhan ekonomi Indonesia minus 0,74%. Kuartal kedua, target  pemerintah kurang lebih 7%. 

Untuk itu, pemerintah menyiapkan dana pemulihan ekonomi nasional sebesar hampir Rp700 triliun. https://t.co/oWlGLqMv6e",2021-05-27 05:24:32,1397785772527263744,jokowi,777,6629,Twitter for Android
"Untuk saudara-saudaraku umat Buddha, Tri Suci Waisak  tiba saat dunia masih dicengkeram pandemi. Tapi kita semua percaya, selalu akan ada cahaya terang sesudah kegelapan, selalu ada kemudahan yang datang setelah kesulitan.

Semoga kedamaian dan ketenangan senantiasa bersama kita. https://t.co/BCaonMC0DX",2021-05-26 01:01:44,1397357248469299206,jokowi,1269,7995,Twitter for Android
"Hari ini, Bapak Ganip Warsito secara resmi menjadi Kepala Badan Nasional Penanggulangan Bencana (BNPB) menggantikan Bapak Doni Monardo yang memasuki masa pensiun. Sebelum menjadi Kepala BNPB, Pak Ganib adalah Kepala Staf Umum TNI. 

Selamat bekerja. https://t.co/J0fDLzLAeo",2021-05-25 06:57:09,1397084306489630722,jokowi,286,2731,Twitter for Android
Selamat bekerja Bapak Sugianto Sabran dan Bapak Edy Pratowo sebagai Gubernur dan Wakil Gubernur Kalimantan Tengah masa jabatan tahun 2021-2024. https://t.co/G5kPryt3wA,2021-05-25 06:54:45,1397083702501339137,jokowi,360,4705,Twitter for Android
"Indonesia telah mendatangkan 83,9 juta dosis vaksin dari Sinovac, AstraZeneca, dan Sinopharm. 

Hari ini, sebanyak 8 juta dosis bahan baku vaksin Sinovac kembali tiba di Indonesia dengan pesawat Garuda. Ini merupakan kedatangan vaksin Covid-19 ke-13 sejak 6 Desember 2020.",2021-05-25 05:45:19,1397066225415385089,jokowi,106,948,Twitter for Android
"Vaksinasi Gotong Royong menggunakan vaksin Sinopharm yang akan mempercepat terbangunnya kekebalan komunal di Indonesia. 

Bersama dengan program vaksinasi massal oleh pemerintah, saya berharap program vaksinasi nasional dapat mencapai angka satu juta suntikan per hari.",2021-05-25 05:45:18,1397066222106144768,jokowi,101,956,Twitter for Android
"Saya menyambut baik dukungan Kadin terhadap program vaksinasi nasional dengan vaksinasi gratis bagi karyawan swasta. 

Sejak 18 Mei, 21.616 dosis vaksin Gotong Royong telah diberikan kepada pekerja 27 perusahaan di Jakarta, Jawa Barat, Banten, Kepulauan Riau, dan Maluku Utara. https://t.co/6VEGQewOk2",2021-05-25 05:45:17,1397066217630826496,jokowi,293,2515,Twitter for Android
"Negara-negara G-20 harus memberikan dukungan bagi peningkatan produksi dan kesetaraan akses vaksin bagi semua negara.

Selain itu, G-20 juga harus ikut membangun arsitektur ketahanan kesehatan global yang kokoh untuk dapat menghadapi ancaman serupa di masa mendatang.",2021-05-22 02:41:33,1395932817553461255,jokowi,124,1291,Twitter for Android
"Di saat beberapa negara mulai melakukan vaksinasi bagi kelompok berisiko rendah, hanya 0,3% pasokan vaksin global yang tersedia bagi negara berpenghasilan rendah. Lalu 83% pasokan vaksin global diterima negara kaya, sisanya untuk negara berkembang yang dihuni 47% populasi dunia.",2021-05-22 02:41:33,1395932815934455811,jokowi,134,1406,Twitter for Android
"Kita hanya akan betul-betul pulih dan aman dari Covid-19 jika semua negara telah pulih. Ini saya ingatkan kepada pemimpin negara G-20 peserta KTT Kesehatan Global, semalam. No one is safe until everyone is.

Masalahnya, kesenjangan masih lebar antara negara kaya dan berkembang. https://t.co/uNFJGVXYMC",2021-05-22 02:41:32,1395932813388513281,jokowi,684,5512,Twitter for Android
"Program Literasi Digital Nasional yang saya luncurkan hari ini penting mengingat literasi digital ini adalah kerja besar kita, pemerintah dan seluruh komponen bangsa. 

Saya berharap gerakan ini terus menggelinding, membesar, dan mendorong berbagai inisiatif di tempat lain. https://t.co/7UPc6BKP1C",2021-05-20 09:41:36,1395313749121064960,jokowi,329,2434,Twitter Web App
"Mengapa literasi digital itu penting?

https://t.co/Va64hc7hSA",2021-05-20 08:59:47,1395303227231408131,jokowi,356,3205,Twitter for Android
"Karena itulah, saya selalu menekankan kepada para kepala daerah, untuk terus memantau indikator pengendalian pandemi di daerah masing-masing. 

Dengan begitu, pemerintah daerah dapat segera menyiapkan langkah taktis dan terukur dalam menekan penyebaran kasus di wilayah mereka.",2021-05-20 05:25:36,1395249325379186694,jokowi,100,918,Twitter for Android
"Tingkat keterisian tempat tidur untuk perawatan (Bed Occupancy Ratio/BOR) RS Darurat Wisma Atlet Kemayoran pernah sampai 90%. Angka tersebut berangsur turun dan kemarin, BOR Wisma Atlet tinggal 15%. 

Akan tetapi, pandemi Covid-19 belum berakhir. Kita tidak boleh lengah. https://t.co/RhotcGA9SW",2021-05-20 05:25:21,1395249262666010625,jokowi,399,3191,Twitter for Android
"Lebih setahun dunia dicengkeram pandemi global Covid-19, lebih setahun pula Indonesia berjuang membendung segala dampaknya. 

Hari ini, dengan semangat Budi Utomo, kita bergotong-royong untuk bangkit dan menang melawan pandemi, dan bersama-sama melangkah menuju Indonesia maju. https://t.co/OBWF9Dflxk",2021-05-20 01:01:19,1395182819131813888,jokowi,966,5573,Twitter for Android
"Saya meninjau langsung vaksinasi massal Covid-19 di dua provinsi hari ini, yakni di Riau dan Riau Kepulauan. 

Vaksinasi massal di Riau digelar di sebuah gelanggang olahraga di Kota Pekanbaru, sementara di Kepri, kegiatan serupa berlangsung di Bintan Inti Industrial Estate. https://t.co/QT660CYpbE",2021-05-19 11:30:57,1394978879572484101,jokowi,248,2521,Twitter for Android
"Pembangunan jalan tol ruas Pekanbaru-Padang seksi Pekanbaru-Bangkinang sudah mencapai 65,6%. Panjang jalan tol seksi ini 40km dan jadi bagian dari tol Trans-Sumatra dari Aceh hingga Lampung sepanjang 3.049km. 

Pembangunannya bisa menyerap 11.984 tenaga kerja. https://t.co/H9ra4aLrbp",2021-05-19 06:08:31,1394897738295246849,jokowi,712,7749,Twitter for Android
"Saya bertolak ke Sumatra pagi ini untuk kunjungan kerja ke provinsi Riau dan Riau Kepulauan.

Saya hendak meninjau perkembangan pembangunan konstruksi Tol Trans-Sumatra, bertemu para kepala daerah, serta melihat dari dekat pelaksanaan vaksinasi massal bagi para pelayan publik. https://t.co/BIh3jtRlK0",2021-05-19 02:31:00,1394843000375635968,jokowi,334,3739,Twitter for Android
"Pembangunan konstruksi kereta cepat Jakarta-Bandung telah mencapai 73 persen. Jika tak ada halangan, sudah akan diujicobakan pada akhir tahun 2022. Panjang rute kereta cepat ini adalah 142,3 km yang dapat ditempuh hanya dalam waktu 46 menit. https://t.co/TNTSqYd30p",2021-05-19 01:04:00,1394821104452071424,jokowi,688,4689,Twitter for Android
"Mudik Lebaran ditiadakan tapi saya memperoleh data sebanyak 1,5 juta orang tetap mudik pada 6-17 Mei 2021. 

Mengingat kasus Covid-19 selalu meningkat selepas libur, saya mengingatkan para kepala daerah se-Indonesia, agar siap mengambil langkah antisipasi naiknya kasus di daerah. https://t.co/hMxiKcCu5o",2021-05-18 11:03:06,1394609487118430208,jokowi,589,4877,Twitter for Android
"Saya berharap, kereta cepat ini dapat terintegrasi dengan moda transportasi lain seperti LRT dan MRT di Jakarta. 

Selain itu, dari pembangunan kereta cepat ini kita harapkan ada transfer teknologi. Jadi, SDM kita mampu menangkap dan mengambil ilmu dari pembangunan KCJB.",2021-05-18 09:17:39,1394582946355445761,jokowi,132,1455,Twitter for Android
"Pembangunan kereta cepat Jakarta-Bandung telah mencapai kisaran 73% dan jika tak ada aral melintang, selesai pada akhir 2022.

Rangkaian KCJB bermula dari Stasiun Halim, Jakarta dan berakhir di Stasiun Tegalluar, Bandung dengan panjang rute 142,3 km, serta waktu tempuh 46 menit. https://t.co/74MqCb84vI",2021-05-18 09:17:38,1394582944384045056,jokowi,1090,8178,Twitter for Android
"Program vaksinasi Covid-19 Gotong Royong dimulai hari ini dari Kawasan Industri Jababeka, Cikarang, Jawa Barat. 

Sebanyak 18 perusahaan serentak melaksanakan vaksinasi kepada seluruh manajemen, karyawan, dan pekerjanya atas tanggungan masing-masing perusahaan. https://t.co/fivML0Towc",2021-05-18 06:16:47,1394537430963810306,jokowi,332,2920,Twitter for Android
"KPK harus memiliki sumber daya manusia terbaik dan berkomitmen tinggi dalam upaya pemberantasan korupsi. 

Pengalihan status pegawai KPK menjadi ASN harus menjadi bagian dari upaya untuk pemberantasan korupsi yang lebih sistematis.",2021-05-17 10:39:55,1394241261737889795,jokowi,189,1715,Twitter for Android
"Saya sependapat dengan pertimbangan Mahkamah Konstitusi, bahwa proses pengalihan status pegawai KPK menjadi ASN tidak boleh merugikan hak pegawai KPK untuk diangkat menjadi ASN. 

Saya minta kepada para pihak yang terkait untuk merancang tindak lanjut bagi 75 pegawai KPK ini.",2021-05-17 10:39:54,1394241260030812163,jokowi,207,1782,Twitter for Android
"Saya berpendapat, hasil tes wawasan kebangsaan terhadap pegawai KPK, hendaknya tidak serta-merta jadi dasar untuk memberhentikan 75 pegawai yang dinyatakan tidak lulus tes. 

Kalau ada kekurangan, tentu bisa diperbaiki melalui pendidikan kedinasan tentang wawasan kebangsaan. https://t.co/rntwzBZF6V",2021-05-17 10:39:54,1394241257858211843,jokowi,1257,9353,Twitter for Android
We re-iterate our solidarity to the Palestinian people and full support to the creation of an independent and sovereign State of Palestine.,2021-05-16 12:51:28,1393911979073445893,jokowi,409,2973,Twitter for Android
"This afternoon, together with the Prime Minister of Malaysia and Sultan of Brunei Darussalam, we released a Joint Statement on the Escalation of Violence by Israelis in the Occupied Palestinian Territory (16/05). https://t.co/RmE00bVDv8",2021-05-16 12:51:27,1393911976691044354,jokowi,2079,7998,Twitter for Android
"Indonesia strongly condemns Israeli’s attacks which has resulted in the loss of lives of hundreds, including women and children. Israel aggression must be put to a stop.",2021-05-15 08:26:11,1393482830328463364,jokowi,688,3714,Twitter for Android
"We spoke about global developments, including the follow-up of ASEAN Leaders Meeting #ALM, developments in Afghanistan and the very worisome situation in Palestine",2021-05-15 08:26:10,1393482828692611073,jokowi,265,2880,Twitter for Android
"In the last few days, I spoke to President of Turkey, Yang Dipertuan Agong Malaysia, PM of Singapore, President of Afghanistan, Sultan Brunei Darussalam and PM of Malaysia (15/05)",2021-05-15 08:26:10,1393482827371483140,jokowi,724,5689,Twitter for Android
"Assalamualaikum Pak Wapres dan Bu Wury. Selamat hari raya Idulfitri, mohon maaf lahir dan batin. https://t.co/JLwJriVi15",2021-05-13 05:22:34,1392711846537269248,jokowi,792,13132,Twitter for Android
"Kami menggelar tikar dan sajadah di halaman gedung induk Istana Bogor dan melaksanakan salat Id  pagi ini. Imam dan khatibnya adalah 
Ridwan Payopo, anggota Paspampres yang sehari-hari bersama saya. https://t.co/XSXy5tqugh",2021-05-13 01:45:07,1392657124191211522,jokowi,775,8234,Twitter for Android
"Kepada saudara-saudaraku umat Kristiani, semoga kedamaian, kasih sayang, dan kesehatan senantiasa mengiringi langkah kita semua. https://t.co/JQWpYyPWie",2021-05-13 01:05:00,1392647028128116736,jokowi,1628,10963,Twitter Web App
"Di hari Lebaran ini saya dan anda tak bisa mudik seperti tahun-tahun yang lampau. Pandemi masih mengancam Indonesia, memaksa kita tak leluasa untuk saling bersua. 

Semoga wabah ini segera sirna dan kita kembali bertatap muka dan berbagi cerita.

Salam dari saya dan keluarga. https://t.co/lnS8asQdSk",2021-05-13 01:00:01,1392645773595193352,jokowi,492,3261,Twitter Web App
Semoga hari kemenangan ini menjadi momentum bagi kita untuk bangkit dan menang melawan pandemi Covid-19. https://t.co/FFIseRxIwp,2021-05-12 13:37:37,1392474042783858693,jokowi,706,4881,Twitter for Android
"India mengalami lonjakan kasus Covid-19, dan sebagai sahabat dekat, Indonesia tak tinggal diam. Siang ini, Indonesia mengirim 200 unit oxygen concentrators, menyusul bantuan sebelumnya 1.400 tabung oxygen cylinders ke India. 

Teman sejati adalah teman yang hadir saat dibutuhkan. https://t.co/6YpoTqvFt9",2021-05-12 10:24:20,1392425400056238081,jokowi,1882,14409,Twitter for Android
Indonesia condemns such acts and urges the UN Security Council to take measures on the repeated violations carried out by Israel. Indonesia will continue to stand with the people of Palestine.,2021-05-10 06:28:28,1391641267201744899,jokowi,1088,4990,Twitter for Android
"The forced eviction of Palestinians from Sheikh Jarrah, East Jerusalem, and use of force against Palestinian civilians in the Al-Aqsa Mosque must not be ignored.",2021-05-10 06:28:27,1391641264458633216,jokowi,2131,9435,Twitter for Android
"Hari ini, 1,389 juta dosis vaksin siap pakai AstraZeneca tiba di Indonesia. Secara keseluruhan Indonesia telah mengamankan 75,91 juta dosis vaksin dari Sinovac, AstraZeneca, dan Sinopharm. 

Meski ada vaksin, saya berharap masyarakat tetap waspada dan mematuhi protokol kesehatan. https://t.co/8g1gEFfqrN",2021-05-08 10:21:54,1390975239056625670,jokowi,777,5914,Twitter for Android
https://t.co/cyIESx2oCz,2021-05-08 02:06:17,1390850510559748096,jokowi,483,4685,Twitter for Android
Pandemi masih mengancam. Mari menahan diri demi keselamatan bersama. https://t.co/8bUiv0Rya9,2021-05-08 02:06:15,1390850504238845954,jokowi,867,6174,Twitter for Android
"Payung hukumnya sudah ada, Perpres 35/2018. Selain Kota Surabaya, ada 11 kota lain yang ditunjuk dalam Perpres ini. Yakni, DKI Jakarta, Tangerang, Tangerang Selatan, Bekasi, Bandung, Semarang, Surakarta, Makassar, Denpasar, Palembang, dan Manado. https://t.co/rMnWV5AUnO",2021-05-06 13:18:51,1390294991671500802,jokowi,199,2033,Twitter for Android
"Surabaya mewujudkan impian lama saya tentang pengolahan sampah jadi energi listrik. Fasilitas Pengolahan Sampah menjadi Energi Listrik di Tempat Pembuangan Akhir (TPA) Benowo itu saya resmikan siang tadi. 

Semoga kota-kota lain dapat mengikuti apa yang dilakukan di Surabaya ini. https://t.co/XA2gL5wvgs",2021-05-06 13:18:48,1390294982674718720,jokowi,572,4636,Twitter for Android
"Proses pengolahan makanan laut untuk ekspor di PT Bumi Menara Internusa Lamongan. Produknya dalam bentuk jadi, siap saji, atau tinggal digoreng, diekspor ke Eropa, Amerika, Jepang, dll.

Saya mengapresiasi PT BMI yang kegiatan produksinya telah menyerap belasan ribu tenaga kerja. https://t.co/Lflx7zBIGs",2021-05-06 10:08:12,1390247016261816322,jokowi,314,3180,Twitter for Android
"Saya bertemu para nelayan Lamongan sambil mengunjungi Pusat Pemasaran dan Distribusi Ikan Brondong di Pelabuhan Perikanan Nusantara Brondong di Kab. Lamongan, siang ini. 

Alhamdulillah, selama pandemi ini para nelayan tetap bisa melaut seperti biasa, dan hasilnya juga normal. https://t.co/WvAJVIaN2V",2021-05-06 05:57:01,1390183800932495363,jokowi,429,4180,Twitter for Android
"Saya ke Jawa Timur pagi ini untuk bertemu nelayan, mengunjungi pusat pemasaran dan distribusi ikan, dan meninjau pabrik pengolahan makanan laut di Lamongan. 

Saya juga akan ke Surabaya meninjau fasilitas pengolahan sampah menjadi energi listrik di Tempat Pembuangan Akhir Benowo. https://t.co/7CMdMrxBPj",2021-05-06 03:24:39,1390145458849255432,jokowi,775,8077,Twitter for Android
"Pandemi Covid-19 memberikan pelajaran yang luar biasa dalam perencanaan pembangunan nasional. Sebaik apapun perencanaannya, tetap harus siap berubah sesuai tantangan dan peluang.

Yang tidak berubah adalah tujuan utamanya, yaitu untuk kesejahteraan rakyat dan kemajuan bangsa. https://t.co/H41fIoAyLL",2021-05-04 06:42:54,1389470575341441028,jokowi,703,6512,Twitter for Android
"Dua hari ini, para pemilik kios, pedagang, dan karyawan pertokoan di dua pusat perdagangan besar di Jakarta, Thamrin City dan Grand Indonesia, menerima suntikan vaksin Covid-19.

Vaksinasi tersebut diperuntukkan bagi mereka yang sehari-hari berinteraksi langsung dengan publik. https://t.co/tbRXNvHMoE",2021-05-03 06:36:37,1389106604331593733,jokowi,401,3693,Twitter for Android
"Jumlah kasus aktif Covid-19 di Indonesia semakin menurun. Tren kesembuhan pasien juga semakin meningkat. 

Kendati begitu, jangan lengah dan cepat berpuas diri. Covid-19 masih mengancam. Tetap disiplin menjalankan protokol kesehatan.

https://t.co/nrspZCAGLR",2021-05-02 15:23:01,1388876687379558400,jokowi,615,4855,Twitter for Android
"Setahun lebih dunia terkungkung pandemi, tapi semangat belajar anak-anak kita jangan pernah lunglai. Semoga masa-masa sulit ini segera usai, dan kita semua bertatap muka lagi. https://t.co/SoibXqOKXW",2021-05-02 02:02:35,1388675254914928645,jokowi,1454,10000,Twitter for Android
"Hari Buruh Internasional dirayakan bukan sekadar untuk memperingati sebuah momentum di masa lalu, tapi kita memberi penghormatan atas karya dan ketekunan para pekerja yang menggerakkan ekonomi dan dunia usaha.

Para buruh adalah aset besar bangsa kita. https://t.co/1OShwJBr05",2021-05-01 02:37:57,1388321764699119617,jokowi,911,6247,Twitter for Android
"THR akan dibayarkan mulai 10 hari kerja sebelum Idulfitri, dan gaji ke-13 dibayarkan menjelang tahun ajaran baru sekolah.

Pemberian THR ini untuk mendorong peningkatan konsumsi dan daya beli masyarakat yang pada gilirannya bisa menjadi daya ungkit pertumbuhan ekonomi nasional.",2021-04-30 03:57:18,1387979348905316354,jokowi,218,2073,Twitter for Android
"Saya telah menandatangani Peraturan Pemerintah yang menetapkan pemberian THR dan gaji ketiga belas untuk aparatur negara baik itu PNS, CPNS, TNI, Polri, dan pejabat negara, pensiunan, penerima pensiun, penerima tunjangan, Rabu 28 April lalu. https://t.co/EEA3z0nKS0",2021-04-30 03:57:18,1387979346405560324,jokowi,1083,8666,Twitter for Android
"Sekadar informasi, sebelum ada larangan mudik, yang mau mudik di negara ini 89 juta orang, 33% dari penduduk. Begitu mudik dilarang, turun menjadi 11%. Angkanya masih 29 juta. Setelah sosialisasi larangan mudik, turun menjadi 7%. 

Tujuh persen ini masih besar, 18,9 juta orang.",2021-04-30 02:01:56,1387950314003652611,jokowi,178,1549,Twitter for Android
"Lonjakan Covid-19 di sejumlah negara menjadi pengingat kita semua untuk waspada. Jangan pernah lengah, sekecil apapun kasus aktif di satu provinsi, kabupaten, atau kota. 

Menjelang Idulfitri, saya meminta para kepala daerah untuk intens menyampaikan kebijakan peniadaan mudik. https://t.co/cglhs80fEf",2021-04-30 02:01:55,1387950311550029829,jokowi,508,3655,Twitter for Android
"Pemerintah akan memberikan bantuan bagi warga untuk merekonstruksi rumah-rumah yang rusak. Bantuannya beragam sesuai tingkat kerusakan rumah warga. Untuk fasilitas umum yang rusak, akan diperbaiki oleh Kementerian PUPR.

Saya berharap kehidupan warga bisa kembali normal.",2021-04-29 12:28:41,1387745654638669830,jokowi,109,1376,Twitter for Android
"Gempa bumi M 6,1 yang mengguncang Jawa Timur pada 10 April lalu telah merusak sedikitnya 1.716 rumah di Kab. Malang. 

Tadi sore, saya bersama Ketua DPR Ibu Puan Maharani meninjau Desa Majangtengah di Kecamatan Dampit, salah satu desa yang terdampak gempa. https://t.co/Vdg4Pt7Crb",2021-04-29 12:28:41,1387745651836870664,jokowi,527,4455,Twitter for Android
"Bersama Ketua DPR Ibu Puan Maharani menyaksikan petani menanam dan memanen padi di persawahan Desa Kanigoro, Malang, siang tadi.

Dengan hasil panen yang baik, kalkulasi yang tepat, impor beras diharapkan tidak perlu lagi. https://t.co/ghyogvena3",2021-04-29 11:22:00,1387728870590193664,jokowi,700,7953,Twitter for Android
"Untuk pengabdian 53 prajurit tersebut, negara memberi penghargaan kenaikan pangkat satu tingkat serta tanda kehormatan Jalasena Nararya dan menjamin pendidikan bagi putra putri yang ditinggalkan.

Untuk keluarga, pemerintah akan membangunkan rumah di lokasi yang mereka inginkan.",2021-04-29 05:27:48,1387639736638918657,jokowi,276,2389,Twitter for Android
"Suasana duka masih terasa di Hanggar Lanudal Juanda  pagi ini. Saya melihat foto para patriot, juga merasakan kesedihan para istri, anak, dan keluarga awak KRI Nanggala 402 yang saya temui.

Semoga arwah para patriot diberikan tempat terbaik di sisiNya dan diampuni dosa-dosanya. https://t.co/Hb6Vc5kIi2",2021-04-29 05:27:48,1387639734386577417,jokowi,719,6522,Twitter for Android
"Saya ke Jawa Timur pagi ini untuk kunjungan sehari penuh. 

Bersama Ketua DPR Ibu Puan Maharani saya hendak bersilaturahmi dengan perwakilan keluarga korban tenggelamnya kapal selam KRI Nanggala 402 di area Hanggar Lanudal Juanda, Sidoarjo. https://t.co/bTPqfDGknY",2021-04-29 03:07:40,1387604467072131075,jokowi,488,5050,Twitter for Android
"Saya menyampaikan selamat kepada Profesor Indriyanto Seno Adji yang hari ini mengucapkan sumpah jabatan sebagai anggota Dewan Pengawas KPK di Jakarta. 

Prof. Indriyanto menggantikan Pak Artidjo Alkostar yang berpulang beberapa waktu lalu. https://t.co/uFVCINBzA7",2021-04-28 13:33:11,1387399495562895361,jokowi,420,3839,Twitter for Android
"Saya juga mengangkat Laksana Tri Handoko sebagai Kepala Badan Riset dan Inovasi Nasional (BRIN), lembaga yang dibentuk untuk menciptakan ekosistem riset dan inovasi yang lebih baik di Indonesia.

Selamat bekerja.",2021-04-28 12:18:32,1387380709573029896,jokowi,166,1740,Twitter for Android
"Saya melantik Bahlil Lahadalia sebagai Menteri Investasi/Kepala BKPM dan Nadiem Makarim sebagai Menteri Pendidikan, Kebudayaan, Riset, dan Teknologi. 

Pelantikan ini setelah DPR menyetujui penggabungan Kemenristek dan Kemendikbud, serta pembentukan Kementerian Investasi. https://t.co/W4mZ3Mnuum",2021-04-28 12:18:31,1387380707522007043,jokowi,857,6387,Twitter for Android
"Belajar dari munculnya gelombang baru di sejumlah negara itu, kita harus bekerja keras agar kejadian serupa tidak terjadi di Indonesia. 

Pemerintah mengupayakan ketersediaan vaksin, dan kita semua tetap disiplin menjalankan protokol kesehatan.",2021-04-27 02:16:12,1386866740609486855,jokowi,140,1601,Twitter for Android
"Sebanyak 3,852 juta dosis vaksin siap pakai AstraZeneca dari Covax Facility tiba di Indonesia, semalam.

Di tengah gelombang dan varian baru Covid-19 di sejumlah negara, pemerintah Indonesia mengupayakan diplomasi terbaik untuk menjamin ketersediaan stok vaksin Covid-19. https://t.co/vQkWFocBAQ",2021-04-27 02:16:11,1386866738583588870,jokowi,649,5618,Twitter for Android
"Saya telah memerintahkan kepada Panglima TNI dan Kapolri untuk terus mengejar dan menangkap seluruh anggota kelompok kriminal bersenjata ini, baik di Papua maupun di seluruh pelosok Tanah Air.",2021-04-26 08:46:41,1386602622245736450,jokowi,291,2303,Twitter for Android
"Dukacita yang mendalam atas gugurnya Kepala BIN Daerah Papua, Brigjen TNI I Gusti Putu Danny Nugraha Karya, dalam peristiwa kontak tembak dengan kelompok kriminal bersenjata di Distrik Beoga, Kabupaten Puncak, Papua, Minggu sore. https://t.co/1xsCsGiD3y",2021-04-26 08:46:41,1386602620085624833,jokowi,1147,8441,Twitter for Android
"Terima kasih dan apresiasi yang setinggi-tingginya kepada TNI, Polri, Basarnas, Bakamla, BPPT, dan KNKT, serta negara-negara sahabat, atas kerja keras dan bantuan dalam melakukan pencarian kapal selam KRI Nanggala 402 selama beberapa hari terakhir.",2021-04-26 08:41:07,1386601219951534081,jokowi,183,1998,Twitter for Android
"Untuk dedikasi dan pengabdian 53 prajurit TNI tersebut, negara memberikan penghargaan kenaikan pangkat satu tingkat lebih tinggi serta tanda kehormatan Bintang Jalasena. 

Pemerintah juga menjamin pendidikan bagi putra dan putri yang ditinggalkan hingga jenjang pendidikan S-1.",2021-04-26 08:40:43,1386601118872924160,jokowi,327,2731,Twitter for Android
"Dukacita yang mendalam atas gugurnya 53 prajurit TNI AL di KRI Nanggala 402 dalam melaksanakan tugas di perairan utara Pulau Bali. 

Mereka adalah putra-putra terbaik bangsa, patriot penjaga kedaulatan negara. Pengabdian mereka akan terpatri di sanubari seluruh rakyat Indonesia. https://t.co/RB1l2r0RUT",2021-04-26 08:40:05,1386600962022809600,jokowi,910,7148,Twitter for Android
"Segala upaya terbaik untuk pencarian dan penyelamatan awak KRI Nanggala 402 telah dan masih kita lakukan.

Doa dan harapan terbaik bagi 53 putra terbaik bangsa ini, para patriot penjaga kedaulatan negara. Bagi segenap anggota keluarga, kiranya diberikan kesabaran dan kekuatan. https://t.co/Hg1MITUHhy",2021-04-25 07:07:54,1386215374908100608,jokowi,1264,8113,Twitter for Android
"Pemimpin dan perwakilan negara ASEAN tengah bertemu di Jakarta, hari ini atas undangan Ketua ASEAN, Sultan Brunei Darussalam Hassanal Bolkiah. 

Pada ASEAN Leaders' Meeting ini para pemimpin dan perwakilan negara ASEAN berbagi pandangan serta solusi yang baik bagi rakyat Myanmar. https://t.co/jhuT7iM2zL",2021-04-24 10:30:14,1385903903854579713,jokowi,422,5163,Twitter for Android
"ASEAN Leaders' Meeting diselenggarakan di Gedung Sekretariat ASEAN di Jakarta hari ini, Sabtu 24 April 2021.

Selamat datang para sahabat, pemimpin negara-negara ASEAN, di Indonesia. https://t.co/a2S8TsvMvu",2021-04-24 10:25:54,1385902813079740418,jokowi,315,2712,Twitter for Android
"Saya mengadakan pertemuan bilateral dengan Perdana Menteri Vietnam Phạm Minh Chính hari ini di Istana Bogor. 

Vietnam adalah mitra strategis Indonesia di Asia Tenggara. Investasi Indonesia di Vietnam antara lain di bidang pertambangan, otomotif, semen, properti, dll. https://t.co/tF9ceM4gp5",2021-04-23 15:25:06,1385615723943235591,jokowi,435,4676,Twitter for Android
"Buku adalah jendela dunia. Melalui buku kita menjelajah ke berbagai sisi dunia, dari kedalaman laut, rimbun belantara, sampai ke luar angkasa. 

Melalui buku pula kita mengenal gagasan, ilmu, hikayat, dan riwayat yang dituliskan sepanjang sejarah umat manusia. https://t.co/gdDyFXHAbw",2021-04-23 03:52:13,1385441352381460484,jokowi,658,4469,Twitter for Android
"Pemerintah terus mengupayakan yang terbaik dalam pencarian dan penyelamatan seluruh awak KRI Nanggala 402. Prioritas utama kita adalah keselamatan 53 awak kapal.

Mari berdoa agar upaya pencarian ini dimudahkan, dan seluruh awak kapal dapat kembali dalam keadaan selamat. https://t.co/AU95McD1x8",2021-04-22 13:22:11,1385222403651891202,jokowi,1783,13702,Twitter for Android
"Di antaranya, ada perusahaan baterai LG Chem dan produsen kaca KCC Glass Corporation dari Korea Selatan, produsen pipa plastik Belanda Wavin, dan perusahaan keramik asal India Abroad Vitrified.

Kawasan ini diharapkan mendatangkan investasi sebesar Rp41,8 triliun di fase pertama. https://t.co/iCgcpoHjiu",2021-04-21 11:33:28,1384832655795970050,jokowi,211,2127,Twitter for Android
"Pemerintah tengah menyiapkan kurang lebih 4.300 hektare lahan bagi pengembangan Kawasan Industri Terpadu Batang di Jawa Tengah. 

Sejumlah perusahaan multinasional telah berkomitmen untuk berinvestasi di KIT Batang ini yang saya harapkan membutuhkan ratusan ribu tenaga kerja. https://t.co/Rdn2W5HEz7",2021-04-21 11:32:58,1384832529752944644,jokowi,566,4222,Twitter for Android
"Meninjau panen oleh para petani Indramayu, Jawa Barat di Desa Wanasari, hari ini. Tahun 2020, Indramayu jadi kabupaten penghasil beras tertinggi nasional. 

Sampai Juni ini, tidak ada impor beras. Apabila sampai akhir tahun produksi pertanian kita bagus, juga tak akan  ada impor. https://t.co/p77EJ89Pxg",2021-04-21 06:12:21,1384751841028689923,jokowi,684,5457,Twitter for Android
"Tiada awan di langit yang tetap selamanya. Tiada mungkin akan terus-menerus terang cuaca. Sehabis malam gelap gulita lahir pagi membawa keindahan. Kehidupan manusia serupa alam.

Raden Adjeng Kartini (1879 – 1904) https://t.co/62BOGI1dVW",2021-04-21 02:00:01,1384688339618459648,jokowi,2073,12405,Twitter Web App
"Cak Lontong, Bimbim Slank, Widi Mulia Sunarya, Ayu Utami, Hanafi, Nicholas Saputra, dan lain-lain, hari ini menjalani vaksinasi Covid-19 bersama ratusan seniman dan budayawan se-Jabotabek. 

Semoga selekasnya mereka bisa beraktivitas seperti biasa dan terlindungi dari Covid-19. https://t.co/OnYALgefEr",2021-04-19 06:08:44,1384026157989826560,jokowi,695,6466,Twitter for Android
"Diharapkan dalam satu bulan ke depan kita bisa menerima tambahan sekitar 20-an juta dosis lagi hasil produksi dari Bio Farma.

Sampai 17 April kemarin, pemerintah telah melakukan 16,6 juta suntikan dosis vaksinasi kepada masyarakat.",2021-04-18 11:02:44,1383737755117654017,jokowi,155,1528,Twitter for Android
"Sebanyak 6 juta dosis bahan baku vaksin dari Sinovac tiba di Jakarta, siang ini. Vaksin-vaksin ini bagian dari 140 juta dosis vaksin yang akan kita terima tahun ini. 

Vaksin-vaksin tersebut akan diolah dan diproduksi oleh Bio Farma, kemudian didistribusikan ke seluruh Indonesia. https://t.co/fFFKBJD5ZB",2021-04-18 11:02:11,1383737617066254342,jokowi,816,6166,Twitter for Android
"Saya amat memahami kerinduan kita semua untuk merasakan suasana lebaran bersama keluarga di kampung halaman. 

Namun, di tengah situasi pandemi saat ini, keselamatan bersama harus didahulukan.",2021-04-16 14:36:09,1383066690087362561,jokowi,189,2244,Twitter for Android
"Pemerintah memutuskan untuk melarang kegiatan mudik lebaran tahun 2021 ini. 

Keputusan ini diambil dengan melihat pengalaman tahun lalu yang menunjukkan, empat kali libur panjang termasuk Idulfitri dan libur akhir tahun kemarin, selalu diikuti kenaikan kasus positif Covid-19. https://t.co/8fQREqkTUN",2021-04-16 14:35:43,1383066582033723396,jokowi,1092,8044,Twitter for Android
"Saya juga meluncurkan Gerakan Cinta Zakat untuk mendorong partisipasi masyarakat meningkatkan zakat, infak, dan sedekah, dan memastikan penyalurannya kepada yang membutuhkan. 

Semoga zakat ini menyempurnakan ibadah puasa kita, ketakwaan kita, dan ketaatan kita kepada Allah SWT.",2021-04-15 10:29:49,1382642308252721156,jokowi,114,1239,Twitter for Android
"Hari ketiga Ramadan, Alhamdulillah, saya bersama Bapak Wakil Presiden dan para menteri, menyerahkan zakat kepada Badan Amil Zakat Nasional di Istana Negara. 

Saya berharap dana zakat yang dihimpun Baznas ini untuk membantu saudara-saudara kita yang kesulitan akibat pandemi. https://t.co/F0vAazSeng",2021-04-15 10:29:22,1382642197690863623,jokowi,482,4972,Twitter for Android
"Industri otomotif adalah salah satu penggerak perekonomian kita. Industri ini melibatkan banyak pelaku usaha dalam negeri dari hulu sampai hilir, melibatkan UMKM dalam rantai pasok industri otomotif, dan menyerap tenaga kerja.",2021-04-15 06:57:45,1382588943229612032,jokowi,82,1071,Twitter for Android
"Dari Istana Negara, saya membuka secara virtual Indonesia International Motor Show 2021 yang berlangsung 15-21 April 2021 di JIExpo Kemayoran. 

Saya berharap penyelenggaraan pameran otomotif ini dapat meningkatkan reputasi Indonesia di dunia otomotif global. https://t.co/gIXYeMjm43",2021-04-15 06:57:17,1382588823641546756,jokowi,381,3714,Twitter for Android
"Dari aktivitas investasi itu pulalah negara maupun daerah dapat menarik pajak dan retribusi. Sebanyak 76% pendapatan negara diperoleh dari pajak.

Investasi baru perusahaan, pabrik, atau industri berarti ada tambahan pungutan pajak.",2021-04-15 03:17:41,1382533559945027585,jokowi,95,1125,Twitter for Android
"Saya mengingatkan para kepala daerah agar memberi pelayanan dan dukungan penuh bagi dunia usaha yang hendak berinvestasi. 

Investasi yang masuk ke suatu daerah pada gilirannya juga akan menggerakkan perekonomian daerah dan membuka seluas-luasnya lapangan kerja. https://t.co/blq1Aeiz7s",2021-04-15 03:17:00,1382533387148136450,jokowi,406,3981,Twitter for Android
"Di masa pandemi ini, saya meminta para kepala daerah untuk memanfaatkan APBD mereka dalam membantu masyarakat di lapisan bawah yang terdampak pandemi. 

Salah satu caranya ialah dengan memperbanyak program-program padat karya yang dapat menciptakan lapangan pekerjaan di daerah.",2021-04-15 02:24:35,1382520198368927746,jokowi,116,1092,Twitter for Android
"Terkait anggaran, para kepala daerah cukup membuat beberapa kegiatan besar dengan anggaran yang terkonsentrasi ke kegiatan tersebut daripada membagi-baginya ke banyak kegiatan kecil. 

Dengan demikian, hasilnya akan bisa dilihat dan dirasakan oleh masyarakat.",2021-04-15 02:24:12,1382520098917818368,jokowi,103,1104,Twitter for Android
"Para kepala daerah yang terpilih di Pilkada Serentak 2020, saya ingatkan: jabatan itu adalah kehormatan dan tanggung jawab besar. 

Mereka bekerja tidak boleh mengikuti rutinitas belaka, tapi berorientasi pada hasil. Jangan puas dari membaca laporan saja, tapi harus ke lapangan. https://t.co/7IHltintBO",2021-04-15 02:23:40,1382519966289723398,jokowi,464,3743,Twitter for Android
"Jerman adalah mitra dagang terbesar Indonesia dan mitra investasi terbesar ke-4 di Eropa. Wisatawan Jerman merupakan ke-3 terbesar dari Eropa. 

Indonesia menjadi Negara Mitra pada Hannover Messe 2021, salah satu pameran terbesar teknologi industri dunia yang sedang berlangsung.",2021-04-14 02:19:55,1382156632767930368,jokowi,110,1464,Twitter for Android
"Pertemuan bilateral dengan Kanselir Jerman Angela Merkel secara virtual, kemarin sore, sehari setelah kami membuka bersama Hannover Messe 2021. 

Kami membahas beberapa isu, antara lain soal penanganan Covid-19 di dua negara, kerjasama ekonomi, perubahan iklim, juga isu Myanmar. https://t.co/fAwps2PZrO",2021-04-14 02:19:31,1382156534046597122,jokowi,482,5062,Twitter for Android
"Hannover Messe berlangsung 12-16 April 2021 di Hannover, Jerman. Sebagai negara mitra, Indonesia menghadirkan 156 eksibitor dari perusahaan industri skala besar, industri kecil dan menengah, rintisan, kawasan industri, asosiasi industri, BUMN, serta kementerian dan lembaga.",2021-04-13 03:35:45,1381813331242012675,jokowi,129,1340,Twitter for Android
"Hannover Messe 2021 dibuka semalam (siang waktu Jerman). Kanselir Jerman Angela Merkel dan saya, bersama-sama secara virtual membuka pameran besar dunia teknologi industri itu. 

Ini sebuah kehormatan bagi Indonesia yang untuk kedua kalinya menjadi negara mitra Hannover Messe. https://t.co/uRMhGgkWmV",2021-04-13 03:35:16,1381813208315400193,jokowi,531,5006,Twitter for Android
"Selamat datang bulan Ramadan, bulan penuh pahala dan pengampunan. 

Semoga kita semua senantiasa berlimpahkan rahmat dari Allah SWT, dan negeri ini dijauhkan dari penyakit dan bencana. https://t.co/uRNBH9pwiO",2021-04-12 13:24:13,1381599036646428672,jokowi,1756,12360,Twitter for Android
"Saya telah memerintahkan segenap jajaran terkait sampai pemerintah daerah untuk segera melakukan langkah-langkah tanggap darurat, mencari dan menemukan korban yang tertimpa reruntuhan dan melakukan perawatan pada korban luka-luka.",2021-04-11 11:24:37,1381206548257513479,jokowi,178,2266,Twitter for Android
