text,created_at,tweet_id,user_profile_name,username,user_id,user_location,user_url,user_desc,user_verified,user_followers_count,user_friend_counts,user_favourites_count,user_statuses_count,user_created_at,user_profile_image_url
Nyari vaksin susah jg. Ada info vaksin jogja buat masyarakat umum &gt;18th yg udah buka ga ya?,2021-07-07 06:10:04,1412655133100437507,Ïò¨Íπå üíõ,eunhasu95s,933407296096411648,ÏùÄÌïòÏàò‚ú®,,"95's / Íµ¨Ïò§Ï¶à | ÎÑàÎäî ÎÇòÏùò ÏùÄÌïòÏàò, @bts_twt",False,177,264,8091,27414,2017-11-22 18:50:16,https://pbs.twimg.com/profile_images/1408382560460148739/_QpZwpqz_normal.jpg
@yasirnurpras_ @IniSleman @merapi_uncover @upil_jaran67 @Jogja_Uncover @JogjaUpdate @infojogja tidak melakukan perj‚Ä¶ https://t.co/kE6dGr7CnZ,2021-07-07 05:58:54,1412652322707050496,martabak.,cangcoklat,2496331819,,https://t.co/2snGlAPGAH,"yang tenang, ada Allah.",False,600,457,2100,3426,2014-05-15 13:02:00,https://pbs.twimg.com/profile_images/1376181640716689412/CB5aUwdd_normal.jpg
@yasirnurpras_ @IniSleman @merapi_uncover @upil_jaran67 @Jogja_Uncover @JogjaUpdate @infojogja Komponen vaksin tsb‚Ä¶ https://t.co/cJsKgggD4s,2021-07-07 05:57:58,1412652091152109568,Anton,antonartan,105796242,YOGYAKARTA.ID,,"I WAS BORN ON SATURDAY UNDER THE ASTROLOGICAL SIGN C.A.N.C.E.R, AND I RULED BY THE SUN",False,204,205,32,4176,2010-01-17 14:17:54,https://pbs.twimg.com/profile_images/1248979692213792768/Jo4aXove_normal.jpg
@yasirnurpras_ @IniSleman @merapi_uncover @upil_jaran67 @Jogja_Uncover @JogjaUpdate @infojogja Vaksin tidak akan me‚Ä¶ https://t.co/zbCrGVOp1v,2021-07-07 05:57:15,1412651910318854144,Anton,antonartan,105796242,YOGYAKARTA.ID,,"I WAS BORN ON SATURDAY UNDER THE ASTROLOGICAL SIGN C.A.N.C.E.R, AND I RULED BY THE SUN",False,204,205,32,4176,2010-01-17 14:17:54,https://pbs.twimg.com/profile_images/1248979692213792768/Jo4aXove_normal.jpg
"RT @wisnu_prasetya: Yang belum vaksin di Jogja, silakan daftar di GMC UGM... https://t.co/dgywJeaM57",2021-07-07 05:50:30,1412650210535239681,al.,alficacintiaa,1744409634,"Sleman, Indonesia",https://t.co/I353TOXITf,Apothecary part of Dinas Kesehatan Sleman. Allahumma sholli ala sayyidina muhammad. AC's‚ù§,False,950,671,2105,32562,2013-09-07 09:43:39,https://pbs.twimg.com/profile_images/1406427133962948611/7dasjVkE_normal.jpg
"RT @MafiaWasit: Dah lupakan tempat belanjanya Mahasiswa Jogja, si Morata Kampus.

Mari bergeser ke SUrabaya yang saat ini SUDah boleh Nyeta‚Ä¶",2021-07-07 05:49:38,1412649993920401412,Direktur Teknik AC Milan Wilayah Jawa timur,reporbener,417683800,"Tangerang,Banten",,jalanin ajedah,False,278,647,36797,13320,2011-11-21 07:41:41,https://pbs.twimg.com/profile_images/1406215561143406598/Btin-dpk_normal.jpg
w nyesel bgt dah gak vaksin waktu sblm ke jogja arghhhhh,2021-07-07 05:49:35,1412649980431503361,üê¢,turtleeonly,1362536805707382785,,,white tea green tea oolong tea black tea and teatong,False,15,122,679,7595,2021-02-18 22:57:52,https://pbs.twimg.com/profile_images/1396273757128323073/U639fMlL_normal.jpg
RT @PatubMbel: Yang di Jogja ayo vaksin. Vaksinmu utk org lain. Org lain vaksin utk kamu. Kasih-mengasihi. Lindung-melindungi. Donga-didong‚Ä¶,2021-07-07 05:46:03,1412649092203700228,jnah,hanyanobody,1068246366076334080,,,We pass the time of day to forget how time passes,False,29,185,6878,2979,2018-11-29 20:52:35,https://pbs.twimg.com/profile_images/1312994463514468352/rr8OZilf_normal.jpg
"RT @MafiaWasit: Dah lupakan tempat belanjanya Mahasiswa Jogja, si Morata Kampus.

Mari bergeser ke SUrabaya yang saat ini SUDah boleh Nyeta‚Ä¶",2021-07-07 05:43:53,1412648546658963462,Murid Chef Tretan,khoirulwarisin_,3499408878,"Purwodadi, Jawa Tengah",https://t.co/8gwHkFpG00,"Twitter hanya sementara, akhirat selamanya.",False,92,40,747,60407,2015-09-09 02:27:12,https://pbs.twimg.com/profile_images/1286963301713235968/p-LFjm03_normal.jpg
"RT @MafiaWasit: Dah lupakan tempat belanjanya Mahasiswa Jogja, si Morata Kampus.

Mari bergeser ke SUrabaya yang saat ini SUDah boleh Nyeta‚Ä¶",2021-07-07 05:40:27,1412647682795917313,HAS,harisas_,250110423,NGK - MN - SUB - JKT,,"respice, adspice, prospice | IR UA '11 | SATU NYALI WANI | #YNWA (personal tweet only)",False,394,483,13961,34676,2011-02-10 12:57:24,https://pbs.twimg.com/profile_images/1006195037082869760/qitYanAF_normal.jpg
"RT @MafiaWasit: Dah lupakan tempat belanjanya Mahasiswa Jogja, si Morata Kampus.

Mari bergeser ke SUrabaya yang saat ini SUDah boleh Nyeta‚Ä¶",2021-07-07 05:36:14,1412646619741265920,Achmad khaerulloh,akhaerullohh,137206018,"DKI Jakarta, Indonesia",,We're just two lost souls swimming in a fish bowl.,False,262,359,2652,32586,2010-04-26 03:31:15,https://pbs.twimg.com/profile_images/1411700965586079744/WzSKl9iI_normal.jpg
"RT @wisnu_prasetya: Yang belum vaksin di Jogja, silakan daftar di GMC UGM... https://t.co/dgywJeaM57",2021-07-07 05:31:49,1412645507432804352,xxx,destydwiii,236851400,Everywhere,,,False,475,331,1898,9623,2011-01-11 14:27:38,https://pbs.twimg.com/profile_images/1411548934200205317/aPTKeMH7_normal.jpg
"RT @yasirnurpras_: info dong, yang habis vaksin trus melakukan perjalanan dan harus swab antigen gimana hasilnya? 
bantu jawab dong 

@mera‚Ä¶",2021-07-07 05:31:42,1412645480509575169,IG : @ini.sleman,IniSleman,593344156,"Sleman, Yogyakarta, ID",https://t.co/bfyYbQYJwb,"Akun Unofficial Kabupaten Sleman, DIY | Share Semua Tentang Sleman (Berita, Event, Lowker, Foto) | Instagram : ini.sleman |  Cek #CeritaSejarah di Favorites |",False,98307,105,524,89643,2012-05-29 04:09:56,https://pbs.twimg.com/profile_images/1333204528041132033/pe8p1t_q_normal.jpg
"RT @oreohitamanis: ‚ú®Data Vaksin Jogja ‚ú®
Mana tau ada yang butuh üôèüèªü§≤üèª https://t.co/KaBB86RGFB",2021-07-07 05:29:51,1412645013943504897,jnah,hanyanobody,1068246366076334080,,,We pass the time of day to forget how time passes,False,29,185,6878,2979,2018-11-29 20:52:35,https://pbs.twimg.com/profile_images/1312994463514468352/rr8OZilf_normal.jpg
@sheillaslvdhln @vadliilahi Vaksin dak ngajak kau. Dak jd balik amb. Tekurung di jogja.,2021-07-07 05:25:55,1412644021848088578,FARROS,alfarrosm,254913524,Bengkulu - Yogyakarta,,,False,422,400,6,8914,2011-02-20 07:57:51,https://pbs.twimg.com/profile_images/1395201305325436937/NriJI_NK_normal.jpg
"RT @MafiaWasit: Dah lupakan tempat belanjanya Mahasiswa Jogja, si Morata Kampus.

Mari bergeser ke SUrabaya yang saat ini SUDah boleh Nyeta‚Ä¶",2021-07-07 05:23:40,1412643456476794882,Sany Bachtiar,sanybachtiar,99029950,"Bandung, Jawa Barat",,"üì∑ instagram: sanybachtiar dan 
ekamardianacz",False,493,42,299,34443,2009-12-24 04:42:24,https://pbs.twimg.com/profile_images/1378985138927796224/03zdgBXi_normal.jpg
"RT @MafiaWasit: Dah lupakan tempat belanjanya Mahasiswa Jogja, si Morata Kampus.

Mari bergeser ke SUrabaya yang saat ini SUDah boleh Nyeta‚Ä¶",2021-07-07 05:22:14,1412643097884823556,Norum Hardyanto,rifky_hardyanto,885715225491537920,"Kota Surabaya, Jawa Timur",,@ChelseaFC,False,219,838,263295,130175,2017-07-14 04:19:00,https://pbs.twimg.com/profile_images/1408471586340966400/qYIUmE8Q_normal.jpg
"RT @MafiaWasit: Dah lupakan tempat belanjanya Mahasiswa Jogja, si Morata Kampus.

Mari bergeser ke SUrabaya yang saat ini SUDah boleh Nyeta‚Ä¶",2021-07-07 05:21:35,1412642931802984449,Guzm√†n,tresnadw,636235136,"Kota Surabaya, Jawa Timur",,,False,372,181,471,17504,2012-07-15 14:59:38,https://pbs.twimg.com/profile_images/1358026195321774083/VGDsekE5_normal.jpg
"RT @MafiaWasit: Dah lupakan tempat belanjanya Mahasiswa Jogja, si Morata Kampus.

Mari bergeser ke SUrabaya yang saat ini SUDah boleh Nyeta‚Ä¶",2021-07-07 05:20:25,1412642637656457218,Hizkia Robby,hizkiarobbyar,794582934267170818,"Kota Surabaya, Jawa Timur",https://t.co/j1zDsIdBlv,Bismillah,False,45,115,1806,560,2016-11-04 16:51:48,https://pbs.twimg.com/profile_images/1385737396801658887/aRky_VDR_normal.jpg
"RT @wisnu_prasetya: Yang belum vaksin di Jogja, silakan daftar di GMC UGM... https://t.co/dgywJeaM57",2021-07-07 05:18:15,1412642092094873607,vg.,verogaluh,148393698,,,Human.,False,302,306,3110,7671,2010-05-26 15:48:30,https://pbs.twimg.com/profile_images/1404361209248423939/ZjJk4xkG_normal.jpg
"RT @MafiaWasit: Dah lupakan tempat belanjanya Mahasiswa Jogja, si Morata Kampus.

Mari bergeser ke SUrabaya yang saat ini SUDah boleh Nyeta‚Ä¶",2021-07-07 05:18:02,1412642038017761280,Kilo|Echo|November,5binnala,1298863562115358723,Suku Air Selatan,,"Part time student, full time automotive and motorsport fans. Just a cucumber with anxiety :)",False,39,114,6411,7645,2020-08-27 06:03:06,https://pbs.twimg.com/profile_images/1302810033982328834/t-r_GJUW_normal.jpg
"RT @MafiaWasit: Dah lupakan tempat belanjanya Mahasiswa Jogja, si Morata Kampus.

Mari bergeser ke SUrabaya yang saat ini SUDah boleh Nyeta‚Ä¶",2021-07-07 05:17:14,1412641839136395264,Nichooo,Nchsgst,342050234,,,,False,310,91,245,22517,2011-07-25 11:52:50,https://pbs.twimg.com/profile_images/1408982083314192386/cjd3AHax_normal.jpg
"RT @MafiaWasit: Dah lupakan tempat belanjanya Mahasiswa Jogja, si Morata Kampus.

Mari bergeser ke SUrabaya yang saat ini SUDah boleh Nyeta‚Ä¶",2021-07-07 05:15:28,1412641392166260737,Pratiwi Septia,PratiwiSeptia2,1411997798858301447,,,love you all,False,11,22,0,7,2021-07-05 10:38:10,https://pbs.twimg.com/profile_images/1411997885059633155/ncgVmPTx_normal.jpg
"RT @MafiaWasit: Dah lupakan tempat belanjanya Mahasiswa Jogja, si Morata Kampus.

Mari bergeser ke SUrabaya yang saat ini SUDah boleh Nyeta‚Ä¶",2021-07-07 05:15:20,1412641359446503424,ùì£ùìÆùìªùìºùìÆùì∑ùîÇùìæùì∂ùìµùì™ùì±,Dhicry_27,979908115,Kabupaten Magelang,,‚úó Generasi Militan Magelang ‚úó,False,638,636,73,14483,2012-11-30 06:39:58,https://pbs.twimg.com/profile_images/1412486510557818890/tI1TvVi3_normal.jpg
"Jogja dan sekitarnya follow akun ini untuk indo vaksin @InfoVaksinDIY. LENGKAP dan UPDATE, buat admin nya terimakasih banyakkk üôèüèªüôèüèªüôèüèª",2021-07-07 05:14:21,1412641112708161539,tak,kemendikdub,3261897398,,https://t.co/G1Hii9rfQj,"belum kepikiran bio nya, ntaran yah",False,98,99,2479,6772,2015-06-30 18:28:50,https://pbs.twimg.com/profile_images/1398250774161879061/hhwX5mJq_normal.jpg
"RT @MafiaWasit: Dah lupakan tempat belanjanya Mahasiswa Jogja, si Morata Kampus.

Mari bergeser ke SUrabaya yang saat ini SUDah boleh Nyeta‚Ä¶",2021-07-07 05:14:07,1412641053857878022,Pecinta Masako Sapi,FajarFMA,629265725,"Kota Surabaya, Jawa Timur",,,False,77,248,1261,4597,2012-07-07 11:59:56,https://pbs.twimg.com/profile_images/1278240086119739392/WF0Pf5eb_normal.jpg
"RT @MafiaWasit: Dah lupakan tempat belanjanya Mahasiswa Jogja, si Morata Kampus.

Mari bergeser ke SUrabaya yang saat ini SUDah boleh Nyeta‚Ä¶",2021-07-07 05:13:46,1412640964296929280,Adi Nugroho,AdiNugrooz,279447898,Jakarta - Sleman,,.....,False,1673,148,274,126277,2011-04-09 08:37:03,https://pbs.twimg.com/profile_images/1363093007755399170/lJHiwQfB_normal.jpg
"RT @MafiaWasit: Dah lupakan tempat belanjanya Mahasiswa Jogja, si Morata Kampus.

Mari bergeser ke SUrabaya yang saat ini SUDah boleh Nyeta‚Ä¶",2021-07-07 05:11:28,1412640387454275587,mang eki,mangeki,127404222,bandung-jogja dan sekitarnya,https://t.co/nyS6tb2oz5,gunpla builder x front pembela mie instant x sakamichi fans x 1205290919,False,383,971,3460,61793,2010-03-29 02:58:57,https://pbs.twimg.com/profile_images/1019873381259202560/_dBIgUsU_normal.jpg
"RT @MafiaWasit: Dah lupakan tempat belanjanya Mahasiswa Jogja, si Morata Kampus.

Mari bergeser ke SUrabaya yang saat ini SUDah boleh Nyeta‚Ä¶",2021-07-07 05:10:23,1412640113113194497,bosar,christianbosar,230094259,"Bogor, Indonesia.",,,False,1320,537,4860,42752,2010-12-24 07:26:00,https://pbs.twimg.com/profile_images/1407519309753032708/f2em4HIK_normal.jpg
"RT @MafiaWasit: Dah lupakan tempat belanjanya Mahasiswa Jogja, si Morata Kampus.

Mari bergeser ke SUrabaya yang saat ini SUDah boleh Nyeta‚Ä¶",2021-07-07 05:09:59,1412640015167807494,Relatif,nydwas,1960771386,KEDIRI,,Too mainstream to be like another,False,224,293,2563,19583,2013-10-14 14:40:06,https://pbs.twimg.com/profile_images/1402471264397131778/6__ltv74_normal.jpg
"RT @MafiaWasit: Dah lupakan tempat belanjanya Mahasiswa Jogja, si Morata Kampus.

Mari bergeser ke SUrabaya yang saat ini SUDah boleh Nyeta‚Ä¶",2021-07-07 05:06:49,1412639214739410946,prasetyo widyant√∂ro,prasswidyantoro,615850623,"Salatiga, Jawa Tengah",,‚úå ‚Ä¢‚Ä¢ any√´r 10 mƒÉret ‚Ä¢‚Ä¢ ‚úåÔ∏è|| Ajining diri soko lathi.,False,176,217,113,10812,2012-06-23 03:40:00,https://pbs.twimg.com/profile_images/1032555103176146944/zIwDyC0i_normal.jpg
"RT @MafiaWasit: Dah lupakan tempat belanjanya Mahasiswa Jogja, si Morata Kampus.

Mari bergeser ke SUrabaya yang saat ini SUDah boleh Nyeta‚Ä¶",2021-07-07 05:05:40,1412638928205533189,Daikudo Lupin,AbangIteung,3116749446,"Jember, East Java",,MengDewakan Kejujuran dan Kepercayaan .,False,561,527,301,75120,2015-03-30 09:27:20,https://pbs.twimg.com/profile_images/1328190479402291200/S5jDzLrB_normal.jpg
"info dong, yang habis vaksin trus melakukan perjalanan dan harus swab antigen gimana hasilnya? 
bantu jawab dong‚Ä¶ https://t.co/ag8cYj4p9t",2021-07-07 05:03:14,1412638313639383045,mboh! üè¥Û†ÅßÛ†Å¢Û†Å•Û†ÅÆÛ†ÅßÛ†Åø,yasirnurpras_,2941821283,,,hobby speak up about government.,False,97,84,11764,9448,2014-12-24 11:33:03,https://pbs.twimg.com/profile_images/1412536004691456004/N1P4CmRz_normal.jpg
"@InfoVaksinDIY tulungg info vaksin buat kami yg KTPnya luar jogja, tp kerja dan tinggal disini. Kalau boleh yg bisa‚Ä¶ https://t.co/0iskS1cNj4",2021-07-07 05:02:58,1412638249802092544,Anak pertama dari keluarga biasa aja,calonorangsugih,1352953765230329861,,,,False,2,105,138,263,2021-01-23 12:18:18,https://pbs.twimg.com/profile_images/1352954198963314691/FuC6gkM0_normal.jpg
"RT @MafiaWasit: Dah lupakan tempat belanjanya Mahasiswa Jogja, si Morata Kampus.

Mari bergeser ke SUrabaya yang saat ini SUDah boleh Nyeta‚Ä¶",2021-07-07 05:02:33,1412638144718000128,Muhamad Rizki,muh_rizq14,1403512795971293189,,,,False,6,584,553,249,2021-06-12 00:42:03,https://abs.twimg.com/sticky/default_profile_images/default_profile_normal.png
"Aku vaksin pertama waktu awal‚Äù banget dulu, tp ga lanjut vaksin kedua grgr lagi di jogja waktu itu, trs sekarang pg‚Ä¶ https://t.co/Lbc6GcpE7w",2021-07-07 05:01:02,1412637761689948161,ü¶ã,hzlntcchmlkt,1145711822030249985,,,mahasiswi butterfly yg sok sibuk dan berambis cepat lulus,False,420,389,2561,1834,2019-07-01 15:12:39,https://pbs.twimg.com/profile_images/1412440026118451200/NVPtVHHI_normal.jpg
"RT @MafiaWasit: Dah lupakan tempat belanjanya Mahasiswa Jogja, si Morata Kampus.

Mari bergeser ke SUrabaya yang saat ini SUDah boleh Nyeta‚Ä¶",2021-07-07 05:00:07,1412637529958879232,Ghifari Permana,ghifaripp,79716082,,,"You may say I'm a dreamer, but I'm not the only one",False,681,431,0,48564,2009-10-04 12:11:01,https://pbs.twimg.com/profile_images/1039553593500610561/p5AOAAxo_normal.jpg
"RT @MafiaWasit: Dah lupakan tempat belanjanya Mahasiswa Jogja, si Morata Kampus.

Mari bergeser ke SUrabaya yang saat ini SUDah boleh Nyeta‚Ä¶",2021-07-07 04:56:34,1412636637482287105,Dadi Bangun,dadi_bangun,57629169,,,-...-,False,1333,869,302,70904,2009-07-17 12:25:50,https://pbs.twimg.com/profile_images/580745681490444288/HUmb5KyH_normal.jpg
"RT @jogmfs: Jog. Kok yang ktp luar jogja, susah banget dpt vaksin. Huhuuuu. Infonya dong jog. Mahasiswa rantauan sulit menghadapi situasi i‚Ä¶",2021-07-07 04:55:46,1412636435107090435,Minnaya,MinnaSanna,1177447127036751872,Indonesia,,"pokoknya ini akun random
- fü¶Å",False,314,265,819,1631,2019-09-27 04:57:42,https://pbs.twimg.com/profile_images/1399570999826272262/u8Hl5viW_normal.jpg
"RT @MafiaWasit: Dah lupakan tempat belanjanya Mahasiswa Jogja, si Morata Kampus.

Mari bergeser ke SUrabaya yang saat ini SUDah boleh Nyeta‚Ä¶",2021-07-07 04:54:40,1412636159990112256,Hmmr,rezahmmr,1728740598,Sidoarjo,https://t.co/1aUxdlfr1J,"ijen rung mesti sepi, akeh rung mesti rame.",False,1090,1226,2675,23676,2013-09-04 13:29:55,https://pbs.twimg.com/profile_images/1405672066154582019/oID-oK5W_normal.jpg
"RT @MafiaWasit: Dah lupakan tempat belanjanya Mahasiswa Jogja, si Morata Kampus.

Mari bergeser ke SUrabaya yang saat ini SUDah boleh Nyeta‚Ä¶",2021-07-07 04:54:39,1412636154717896708,GüëÄ,gabrieladipr,471937332,"Kuta, Indonesia",,,False,494,476,24446,82953,2012-01-23 12:23:32,https://pbs.twimg.com/profile_images/1396251632409604101/ccklSYN6_normal.jpg
"RT @MafiaWasit: Dah lupakan tempat belanjanya Mahasiswa Jogja, si Morata Kampus.

Mari bergeser ke SUrabaya yang saat ini SUDah boleh Nyeta‚Ä¶",2021-07-07 04:53:25,1412635844658163712,mas bagus,AG_Cahyo,517475278,klaten rodo nengah,,kiyasan,False,291,282,77,27504,2012-03-07 11:06:32,https://pbs.twimg.com/profile_images/1316642645922377729/RKdZhAO9_normal.jpg
"RT @MafiaWasit: Dah lupakan tempat belanjanya Mahasiswa Jogja, si Morata Kampus.

Mari bergeser ke SUrabaya yang saat ini SUDah boleh Nyeta‚Ä¶",2021-07-07 04:51:54,1412635463437864960,El Patron,TheNotoriousIDX,1973607858,"Surakarta, Jawa Tengah",https://t.co/21PWSSofjw,"Ya trading, ya nonton bola, ya bikin kopi, ya ginilah.

Manusia dibalik tweets @KedaiRanahKita dan @ProfitSahamID",False,535,536,1230,11936,2013-10-20 03:17:29,https://pbs.twimg.com/profile_images/1393546103170031619/KZwg9IdT_normal.jpg
"RT @MafiaWasit: Dah lupakan tempat belanjanya Mahasiswa Jogja, si Morata Kampus.

Mari bergeser ke SUrabaya yang saat ini SUDah boleh Nyeta‚Ä¶",2021-07-07 04:51:31,1412635364926234624,Awan,Rstywann,1440507697,Kota Surabaya,,baik hati tapi sombong dikit,False,404,642,3024,10696,2013-05-19 07:28:45,https://pbs.twimg.com/profile_images/1394693097699700745/M2oedDRQ_normal.jpg
"Dah lupakan tempat belanjanya Mahasiswa Jogja, si Morata Kampus.

Mari bergeser ke SUrabaya yang saat ini SUDah bol‚Ä¶ https://t.co/8Byjx1vOxO",2021-07-07 04:49:09,1412634772094914560,Komisi Wasit,MafiaWasit,2794327166,Ngadi King of The South,https://t.co/hKQF01cp3K,"The trouble with supporters is that they know the game, but they do not know the rule. | ‚ùóÔ∏èYang ngatain admin tua akan diblok permanen ‚ùóÔ∏è|",False,187920,0,1325,73520,2014-09-06 16:50:56,https://pbs.twimg.com/profile_images/1301739005461946369/5P2PNGu5_normal.jpg
"Lanjut permasalahan :
Aku coba untuk bikin surat domisili.
Udah nih jadi, terus keliling Puskes, kantor desa, sampa‚Ä¶ https://t.co/BTw3lFxj1T",2021-07-07 04:39:27,1412632331123257357,beban hidupmu,flowerinthehome,245626245,"Tangerang, Indonesia",,"sometimes, It's ok not to be ok :)",False,447,607,2234,9457,2011-02-01 03:24:52,https://pbs.twimg.com/profile_images/1294090126990032897/FpVYPcOT_normal.jpg
Sertifikat Vaksin Covid-19 Hilang? Begini Cara Mendapatkan Kembali https://t.co/e8d3HAfh1c #beritajogja #jogja #jogjaistimewa,2021-07-07 04:38:02,1412631972027920393,Harian Jogja,Harian_Jogja,118371948,"Yogyakarta, Indonesia",https://t.co/grEpBElQyB,"Akun Resmi Harian Jogja | Berbudaya. Menginspirasi. Terpercaya | Sejak 20 Mei 2008 | Jalan AM Sangaji 41, Jogja, 55223 | 0274-564440 | redaksi@harianjogja.com",True,172649,12,251,415902,2010-02-28 13:29:27,https://pbs.twimg.com/profile_images/1398092229357359109/FNLPOMiZ_normal.jpg
"RT @putriataitu: @InfoVaksinDIY Halo Min, adakah info vaksin untuk WNA di Jogja?
Ada teman WNA Jerman kesulitan akses vaksin publik, mohon‚Ä¶",2021-07-07 04:28:29,1412629567924097028,BMC Korda DIY,BMC_DIY,965601456,Yogyakarta,https://t.co/T0rjL7HGkI,Komunitas Penggemar Bis Indonesia korda DIY | Salam Sejatinipun Seduluran | #GassBanter ü§ü,False,7089,124,99,7508,2012-11-23 06:41:50,https://pbs.twimg.com/profile_images/1412587838562979842/49kh3D-O_normal.jpg
"@PatubMbel Maaf mas, kemarin lusa ke pku tp vaksin di RS PKU jogja libur selama ppkm. Overheard di depok 1 juga lib‚Ä¶ https://t.co/mYfWIqdDu5",2021-07-07 04:25:30,1412628820788531202,aku,annisamalchan,423827069,Yogyakarta,,Ba! Kaget?,False,248,468,35646,4799,2011-11-29 00:12:31,https://pbs.twimg.com/profile_images/1331948175121235975/n7jCb9lA_normal.jpg
"Masih bingung vaksinasi. Kalau gak vaksin, kemungkinan gak bisa keluar Jogja. Kalau vaksin di Jogja, di Balangan be‚Ä¶ https://t.co/g5DzxBUb7z",2021-07-07 04:16:29,1412626549157679105,Toyotomi Hideyoshi,curcumint,116127413,Parking Lot,https://t.co/EENsjJRUFP,Ingin bisa 7 bahasa sebelum 30 tahun,False,995,558,3372,29115,2010-02-21 07:44:14,https://pbs.twimg.com/profile_images/1346327217945493505/fon3gZIF_normal.jpg
"Info vaksin ktp luar jogja dong 

#Vaksin #vaksinjogja",2021-07-07 04:07:22,1412624257033539591,^_^,Fianwicak9,1117850735369056257,"Tepus, Indonesia",,,False,80,60,606,462,2019-04-15 18:02:38,https://pbs.twimg.com/profile_images/1398472882238345217/FUn0ymBs_normal.jpg
"@bogorfess_ Aman aja sih kudunya kan kereta jg peraturannya udh ketat, kudu udh vaksin dan swab cmiiw. Tp jogja lg‚Ä¶ https://t.co/XHGV4NfrWc",2021-07-07 03:53:29,1412620759961280513,Yessi,yessikaaputri,160026611,"Kota Bogor, Jawa Barat",,isinya 90% sambat. dan suka donat. ga nyambung bodoamat.,False,879,585,1651,46556,2010-06-27 00:39:30,https://pbs.twimg.com/profile_images/1357339549135826949/n-upHdwG_normal.jpg
"ini gua doang apa yg lain juga?

gua ngerasa nyari vaksin di jogja kek lagi ‚Äòwar‚Äô anjing!!! kek war di simaster nyari kelas mata kuliah",2021-07-07 03:31:17,1412615175228706826,yoon_dam‚ú®,parhan_ioo,1277129857378312193,nomaden,,mahasiswa Jogja ‚Ä¢ availaBle,False,578,511,19449,21506,2020-06-28 06:41:11,https://pbs.twimg.com/profile_images/1411367294727385091/kjoRaCR9_normal.jpg
Nyerah lah aku cari tempat vaksin jogja yang ngga pake domisili hikd,2021-07-07 03:24:40,1412613509716668420,deeva„ÄÇ,duskshatter,2889293935,,,( ca ) bercita cita giat belajar.,False,163,173,1888,10045,2014-11-04 02:29:02,https://pbs.twimg.com/profile_images/1408457166843830273/m9tAJJqF_normal.jpg
@dynanananaw__ Vaksin masih susah ta??? Di Jogja udh diobral tu vaksin,2021-07-07 03:22:58,1412613081004265472,Bibi_üÜîÔ∏è,MyparkBIBI,1358421172094832640,"Yogyakarta, Indonesia",,"ID @shxx131bi131 || iKONIC @YG_iKONIC || TEUME @treasuremembers //
Cinta damai, no war! üáÆüá©",False,1912,1901,93,3587,2021-02-07 14:23:57,https://pbs.twimg.com/profile_images/1393245303419985921/sWz1OqJS_normal.jpg
jogja kota ketinggalan banget sama sleman yang dari awal juli dah buka vaksin buat anak 12-17,2021-07-07 03:22:10,1412612882232053761,ferrum | free tag to,ferrumoxide,1013306368151830535,this house support svt,,"Á¥îÊÉÖÂèØÊÜê‚ú® bisa anitwt, bisa kpoptwt, bisa ambistwt. singkatnya sih random acc.
antara mengatur aset negara atau membuat amdal.",False,252,351,4491,2692,2018-07-01 06:20:39,https://pbs.twimg.com/profile_images/1373516573164507143/kCXzRRhC_normal.jpg
@merapi_uncover @sskstrdw Colek @RheevarindaAgst.. Info vaksin Jogja,2021-07-07 03:11:17,1412610140096798726,IG : turissendaljepit,ikasoewadji,231334313,turissendaljepit@gmail.com,https://t.co/3qbRLfQXpx,| üáÆüá© Indonesia 32/34 | Volunteer | Facilitator | Freeganism | Founder @tsj.voluntourism | #voluntourism #nowornever,False,1755,1521,23292,28874,2010-12-28 06:37:52,https://pbs.twimg.com/profile_images/1221731760079159297/lMilFmFm_normal.jpg
"RT @wisnu_prasetya: Yang belum vaksin di Jogja, silakan daftar di GMC UGM... https://t.co/dgywJeaM57",2021-07-07 03:08:08,1412609349386526721,FX,cahyadi_th,2576951886,,,"Trying to be a ""banyak cingcong"" person in Twitter",False,85,101,2938,1488,2014-06-19 14:30:53,https://pbs.twimg.com/profile_images/1401247653464133643/NZEHWkm9_normal.jpg
vcs goes to twitteeeer: untuk siapapun yang butuh vaksin di Jogja!! ‚òÜÂΩ° krn aku tau rasanya ky hunger games üòî https://t.co/KYtLz1u69a,2021-07-07 03:04:45,1412608498911776772,aisnO,aisyeay,867104730085941249,Indonesia,,aku tipe yang kalo makan indomie bawang gorengnya ditaro di credit scene,False,194,482,6411,6061,2017-05-23 19:47:32,https://pbs.twimg.com/profile_images/1392250091629469722/h9zPPQSE_normal.jpg
@BekasMagicom @jogmfs Dari akun instagram itu banyak kok info rs/puskesmas daerah jogja (dari kota-kabupaten) yg bu‚Ä¶ https://t.co/oHDtJmyH8S,2021-07-07 03:02:38,1412607965748555779,Ngee,malampagii,1220644767870013441,,,bintang yang bukan bintang karna lahirnya pagi kak bukan malem,False,21,97,4478,1594,2020-01-24 09:49:39,https://pbs.twimg.com/profile_images/1406497785877204997/L0xrtl49_normal.jpg
@herry_zudianto @Harian_Jogja @KRjogjadotcom @tribunjogja @radarjogja @sonorafmjogja @muhammadiyah @unisifmyk‚Ä¶ https://t.co/dtJfdwqO7Y,2021-07-07 02:58:43,1412606978514325511,BVDI SVDIRO,chezbvdi,29481020,Kadang di Jogja kadang di Bali,,forbidden fruit tastes the sweetest,False,186,1030,351,3515,2009-04-07 16:21:49,https://pbs.twimg.com/profile_images/1341216631121354752/WahQigIG_normal.jpg
"Penting nih ...  ayo cek status vaksin Covid-19 anda (sbg sertifikat vaksin Covid-19), atau mendaftar vaksinasi Cov‚Ä¶ https://t.co/aLgX7mlqok",2021-07-07 02:55:47,1412606240841109513,kang herry z,herry_zudianto,170171658,"Kota Jogja,DIY,Indonesia",,"Walikota Jogja 2001-2011; Pendiri Margaria Grup; Ketua ICMI DIY, Ketua MEK PPMuh; Komite Audit UGM; BHACA AWARD 2010. Urip Iku Tansah Urup",False,36356,619,5380,22546,2010-07-24 03:20:54,https://pbs.twimg.com/profile_images/1304308179006701575/CJCgCqpA_normal.jpg
@jogmfs Aku yg orng jogja jg belom vaksin eh malah positipüò≠üôÉ,2021-07-07 02:55:07,1412606071647080454,Kentang,Kentang_banget7,1412593537267363844,,,Seorang wanita yg lagi berjuang agar tidak pengangguran lagi,False,24,84,3,54,2021-07-07 02:05:26,https://pbs.twimg.com/profile_images/1412631452391337986/zrjxqwkA_normal.jpg
Jog info vaksin di kota jogja dong yg masih ada kuota.,2021-07-07 02:54:32,1412605926897438722,BASE JOGJA /delvote on,jogmfs,420821783,RULES CEK LIKES/LINK DIBAWAH,https://t.co/gn7jYfQnJH,‚îÄ AUTO BASE untuk membahas tentang Jogja dan bukan base untuk mencari jodoh | Trigger JOG dan INFO | Pengaduan (Quote+Tag) @jnake @hminhyung atau reply /delvote,False,28183,1010,1355,145502,2011-11-25 04:22:49,https://pbs.twimg.com/profile_images/1252198486029656065/02v26FIW_normal.jpg
"Jog. Kok yang ktp luar jogja, susah banget dpt vaksin. Huhuuuu. Infonya dong jog. Mahasiswa rantauan sulit menghadapi situasi ini",2021-07-07 02:53:20,1412605623112404994,BASE JOGJA /delvote on,jogmfs,420821783,RULES CEK LIKES/LINK DIBAWAH,https://t.co/gn7jYfQnJH,‚îÄ AUTO BASE untuk membahas tentang Jogja dan bukan base untuk mencari jodoh | Trigger JOG dan INFO | Pengaduan (Quote+Tag) @jnake @hminhyung atau reply /delvote,False,28183,1010,1355,145502,2011-11-25 04:22:49,https://pbs.twimg.com/profile_images/1252198486029656065/02v26FIW_normal.jpg
@No_Emote Km vaksin di Jogja?,2021-07-07 02:53:12,1412605591659323392,Piper „Éë„Ç§„Éë„Éº,Vanillapipes,1388903893975801864,"Jakarta Capital Region, Indone",,"full time‚ù§Ô∏è , part timeüë©üèª‚Äçüíª , mathüë©üèª‚Äçüéì",False,376,205,153,3260,2021-05-02 17:11:18,https://pbs.twimg.com/profile_images/1412551814847754241/vDujsocR_normal.jpg
Alhamdulillah akhirnya udah di vaksin dosis-1 di Jogja. Setelah cari-cari info dan antri sana sini. Kalau ada yg ma‚Ä¶ https://t.co/RtvjSBQ6aN,2021-07-07 02:51:09,1412605074136723456,Be yourself,Bakingbyrin,1374360999608819712,,,just for fun,False,0,16,3674,241,2021-03-23 14:03:09,https://abs.twimg.com/sticky/default_profile_images/default_profile_normal.png
RT @area_jogja: info vaksin buat yg KTPnya luar jogja tp domisili nya di jogja dong ?? udah daftar sana sini tapi tak kunjung ada kabar yg‚Ä¶,2021-07-07 02:48:53,1412604503040290820,Korek Curian‚ÄºÔ∏è,BekasMagicom,1407044144455770113,"Yogyakarta, Indonesia",,Akun sampah,False,94,144,49,222,2021-06-21 18:34:09,https://pbs.twimg.com/profile_images/1410380269513629699/_Bn34taF_normal.jpg
info vaksin buat yg KTPnya luar jogja tp domisili nya di jogja dong ?? udah daftar sana sini tapi tak kunjung ada k‚Ä¶ https://t.co/LMl9zmbKgs,2021-07-07 02:47:02,1412604037417951232,Area Jogja,area_jogja,552326018,"Yogyakarta, Indonesia",https://t.co/C6dhUkwWcr,Media untuk berbagi informasi positif yang ada di Daerah Istimewa Yogyakarta & Sekitarnya | Email: redaksi@areajogja.com,True,82817,1742,253,93032,2012-04-13 01:38:16,https://pbs.twimg.com/profile_images/988435512607174656/wNYldVtA_normal.jpg
RT @calonorangsugih: info vaksin buat yg KTPnya luar jogja tp domisili nya di jogja dong ?? udah daftar sana sini tapi tak kunjung ada kaba‚Ä¶,2021-07-07 02:46:08,1412603813547053062,Korek Curian‚ÄºÔ∏è,BekasMagicom,1407044144455770113,"Yogyakarta, Indonesia",,Akun sampah,False,94,144,49,222,2021-06-21 18:34:09,https://pbs.twimg.com/profile_images/1410380269513629699/_Bn34taF_normal.jpg
Jog. Info vaksin buat yang bukan ktp jogja dimana yak?,2021-07-07 02:42:14,1412602831949877255,BASE JOGJA /delvote on,jogmfs,420821783,RULES CEK LIKES/LINK DIBAWAH,https://t.co/gn7jYfQnJH,‚îÄ AUTO BASE untuk membahas tentang Jogja dan bukan base untuk mencari jodoh | Trigger JOG dan INFO | Pengaduan (Quote+Tag) @jnake @hminhyung atau reply /delvote,False,28183,1010,1355,145502,2011-11-25 04:22:49,https://pbs.twimg.com/profile_images/1252198486029656065/02v26FIW_normal.jpg
"RT @wisnu_prasetya: Yang belum vaksin di Jogja, silakan daftar di GMC UGM... https://t.co/dgywJeaM57",2021-07-07 02:38:51,1412601977939193857,Kikin,rizkiii_ps,240558372,Semarang - Yogyakarta,https://t.co/HylKjcv5JT,"Apa kabar, kamu? Kapan kita kemana, lagi? Kapan kita buat kenangan, kembali?
@ihdokaa ‚ù§Ô∏è",False,734,308,46,64740,2011-01-20 05:53:47,https://pbs.twimg.com/profile_images/1274937849486307328/kC69M3cj_normal.jpg
"RT @PakdeDjum: Soal vaksin, Sebenernya di kita dipermudah free vaksin, 

Di Jogja, asal cuma punya KTP aja, 
Jogja banyak tempat tinggal da‚Ä¶",2021-07-07 02:34:28,1412600877290975240,shadow,diaricece,1239472259959382016,,,jangan di follow ya akun sambat doang,False,1,303,1004,2902,2020-03-16 08:43:22,https://pbs.twimg.com/profile_images/1239488976689348609/BXMeEKgb_normal.jpg
info vaksin buat yg KTPnya luar jogja tp domisili nya di jogja dong ?? udah daftar sana sini tapi tak kunjung ada k‚Ä¶ https://t.co/CS2OTuvhgy,2021-07-07 02:21:58,1412597729419620352,Anak pertama dari keluarga biasa aja,calonorangsugih,1352953765230329861,,,,False,2,105,138,263,2021-01-23 12:18:18,https://pbs.twimg.com/profile_images/1352954198963314691/FuC6gkM0_normal.jpg
Info dong vaksin area jogja ktp luar diy dan non domisili,2021-07-07 02:14:49,1412595930767847430,Ida Farida,Idaffarida,579026481,Yogyakarta,,The best Physics in Ahmad Dahlan University,False,188,157,25,198,2012-05-13 13:10:01,https://pbs.twimg.com/profile_images/1170649514362855424/cIAGf2hP_normal.jpg
"RT @wisnu_prasetya: Yang belum vaksin di Jogja, silakan daftar di GMC UGM... https://t.co/dgywJeaM57",2021-07-07 02:12:45,1412595411626303490,Bocil!,brendacilz,116664191,"Yogyakarta, Indonesia",https://t.co/8XLQepybyh,bring me food and i will love you forever üíû,False,762,133,514,38829,2010-02-23 06:35:59,https://pbs.twimg.com/profile_images/1412117130414231553/iUHrZFXe_normal.jpg
"RT @wisnu_prasetya: Yang belum vaksin di Jogja, silakan daftar di GMC UGM... https://t.co/dgywJeaM57",2021-07-07 02:08:39,1412594380360196097,Rifa,rifaarofifah,149793313,,,,False,2413,869,1162,46726,2010-05-30 07:01:24,https://pbs.twimg.com/profile_images/1403717638883213313/fsq5qJQu_normal.jpg
"RT @wisnu_prasetya: Yang belum vaksin di Jogja, silakan daftar di GMC UGM... https://t.co/dgywJeaM57",2021-07-07 02:08:01,1412594221874180096,lala | sudah vaksin üíõ,yolandatyas,66698755,matarampolitan,,katanya merdeka.,False,1034,853,3746,68604,2009-08-18 14:47:46,https://pbs.twimg.com/profile_images/1344072941017812992/huP7CL6X_normal.jpg
"RT @wisnu_prasetya: Yang belum vaksin di Jogja, silakan daftar di GMC UGM... https://t.co/dgywJeaM57",2021-07-07 01:48:44,1412589368418529286,Novi.,kurnianopek,161563479,,,‚ñ™achieving goals on silence‚ñ™,False,506,382,465,38597,2010-07-01 04:45:53,https://pbs.twimg.com/profile_images/1301457865836646400/cXAxANAN_normal.jpg
"RT @aegiimu: kangen deh expojakpus ü§≠
promo LT nih mas2 sayangkuu~
ramaikan slot aku yuk yuk

tenang aku udh vaksin kok üòú
mau kemana aja cus‚Ä¶",2021-07-07 01:46:50,1412588887432601606,SUKA SUKA GUA üë•,Sukasukagua0,1245532980421877760,"Jakarta Pusat, DKI Jakarta",,,False,47,30,418,1286,2020-04-02 02:06:33,https://pbs.twimg.com/profile_images/1282211761148407813/Lc3vy5vY_normal.jpg
"jog tlg minta info vaksin astrazeneca di jogja dong, makasih!",2021-07-07 01:42:23,1412587769180823553,BASE JOGJA /delvote on,jogmfs,420821783,RULES CEK LIKES/LINK DIBAWAH,https://t.co/gn7jYfQnJH,‚îÄ AUTO BASE untuk membahas tentang Jogja dan bukan base untuk mencari jodoh | Trigger JOG dan INFO | Pengaduan (Quote+Tag) @jnake @hminhyung atau reply /delvote,False,28183,1010,1355,145502,2011-11-25 04:22:49,https://pbs.twimg.com/profile_images/1252198486029656065/02v26FIW_normal.jpg
@bagaspatii_ Kayaknya gitu. Ini di jawa lagi digencarin vaksin. Naik dratis di sini. Apalagi jogja. Udah berapa kal‚Ä¶ https://t.co/mgCDRWpvd6,2021-07-07 01:40:56,1412587404976820229,Shinn.,gandrawarajeon,1116351981075853313,,,Don't worry. You're just as sane as I am.,False,6573,303,17712,29300,2019-04-11 14:47:07,https://pbs.twimg.com/profile_images/1403814782130548738/Ja_3O8p9_normal.jpg
Yang pertama gak dapet. Untung yang kedua dapet. Padahal infonya bisa akses jam 8. Ternyata jam 7.45 udah buka webn‚Ä¶ https://t.co/LYDu4c87nS,2021-07-07 01:39:56,1412587153154973698,Shinn.,gandrawarajeon,1116351981075853313,,,Don't worry. You're just as sane as I am.,False,6573,303,17712,29300,2019-04-11 14:47:07,https://pbs.twimg.com/profile_images/1403814782130548738/Ja_3O8p9_normal.jpg
"RT @wisnu_prasetya: Yang belum vaksin di Jogja, silakan daftar di GMC UGM... https://t.co/dgywJeaM57",2021-07-07 01:33:47,1412585606522105856,bukan mas,everyDHAY,58745778,Yogyakarta,https://t.co/LKXeO7Slmd,everyDHAY is holiDHAY from monDHAY to sunDHAY,False,705,1226,951,30258,2009-07-21 08:47:42,https://pbs.twimg.com/profile_images/1381096046193831937/eBCT_rg3_normal.jpg
@Sunda_Fess Lagi Nyari vaksin buat syarat otw Jogja https://t.co/oskKLil92M,2021-07-07 01:28:22,1412584240449871873,BunüíêBun,Bunndaa_,1327936971184828416,Sunda Pride (Bandung tea) ,,"BDSM (Bobo, Dandan, Santai, Makan)",False,1494,1017,6637,44287,2020-11-15 11:30:45,https://pbs.twimg.com/profile_images/1412057115225509903/Y-dSM_Po_normal.jpg
"Selama aku muter2 nyari vaksin itu, kurang lebih 3 jam. Aku denger 6 x ambulans dengan bunyi sirine (kondisi darura‚Ä¶ https://t.co/NnTe5KgQN7",2021-07-07 01:27:26,1412584007288582145,KoY üëë,Wuzzz11,1144991714316173313,"Yogyakarta, Indonesia",,pengen ngebacot,False,43,69,1758,1524,2019-06-29 15:31:12,https://pbs.twimg.com/profile_images/1267173024412794880/SpwIo02U_normal.jpg
"RT @wisnu_prasetya: Yang belum vaksin di Jogja, silakan daftar di GMC UGM... https://t.co/dgywJeaM57",2021-07-07 01:25:18,1412583469432000515,Ibnu Ardie,ibnuardie,54116547,"Yogyakarta, Indonesia",https://t.co/jpoCaUR1EF,"Journey to the better man

| Juventino | Tidak bisa bahasa Finlandia  |

Pagardepan #46 Dagadu Djokdja",False,898,609,253,30775,2009-07-06 04:42:11,https://pbs.twimg.com/profile_images/1236609097471909891/T2NVavel_normal.jpg
"RT @wisnu_prasetya: Yang belum vaksin di Jogja, silakan daftar di GMC UGM... https://t.co/dgywJeaM57",2021-07-07 01:19:43,1412582064981905409,Faira,yayoimusume,82704833,üáÆüá©,,Translator | ÊÑõÊõ∏ÂÆ∂ | Fangirl | On-going project: „Åï„Åæ„Çà„ÅÜÂàÉ (The Wandering Blade),False,521,367,3016,95092,2009-10-15 20:27:14,https://pbs.twimg.com/profile_images/1403137916281397250/HUl-hrDV_normal.jpg
Kemaren aku nyari2 info vaksinisasi di rs yang ada di jogja dan ternyata antusiasme warga2 untuk vaksin itu patut di acungi jempol,2021-07-07 01:19:06,1412581911407468546,KoY üëë,Wuzzz11,1144991714316173313,"Yogyakarta, Indonesia",,pengen ngebacot,False,43,69,1758,1524,2019-06-29 15:31:12,https://pbs.twimg.com/profile_images/1267173024412794880/SpwIo02U_normal.jpg
"RT @wisnu_prasetya: Yang belum vaksin di Jogja, silakan daftar di GMC UGM... https://t.co/dgywJeaM57",2021-07-07 01:18:34,1412581777269399553,Ria Navarita,dare_darou,123762922,"Jakarta, Indonesia",,DARTH MAUL| Gamblerz Crew | POE DAMERON | Noblesse FRANKENSTEIN LEE | CTHULHU | DANTE dmc | RAIDEN mgs | Mas Crush!,False,3033,1517,8600,554981,2010-03-17 04:41:29,https://pbs.twimg.com/profile_images/1412327502559674368/wyH3gQCb_normal.jpg
krn di jogja susah bgt dapet kuota vaksin. berangkat subuh pun masih gk kebagian. yaudah di kosan aja udah. ndekem‚Ä¶ https://t.co/0t5QdgIYBM,2021-07-07 01:05:53,1412578581994115075,itnaaaa,itnaaaa,1119243716487569411,,,"bucin kucing kucing

gamau di follow",False,0,96,1953,1582,2019-04-19 14:17:51,https://pbs.twimg.com/profile_images/1297931529948078080/RwHNwjKi_normal.jpg
"RT @78basketball_: Lulus kuliah pen langsung balik jogja. Capek act like stranger with üßîüèª. Ngekos biar aman, biar amit2 kalo kena virus ga‚Ä¶",2021-07-07 01:04:57,1412578349596045316,Stephani Nindya,nindyakirana9,1445879970,"Jogja, Indonesia",,fitness & mixed martial arts ‚óè BLINK,False,117,100,150,444,2013-05-21 09:37:46,https://pbs.twimg.com/profile_images/1297725768030515200/K5PGMMvH_normal.jpg
"RT @wisnu_prasetya: Yang belum vaksin di Jogja, silakan daftar di GMC UGM... https://t.co/dgywJeaM57",2021-07-07 00:50:48,1412574786992017411,tri,0330am_,2568113810,the softest the sweetest,,the :/ emoji irl,False,69,77,4015,21864,2014-06-15 01:48:57,https://pbs.twimg.com/profile_images/1396161903253065731/t8ry33L2_normal.jpg
"RT @45_fifi: Vaksin Astra Zeneca, 
@NyiAgeng_Jogja.
@InfoVaksinDIY.
üÜô
@july_77a 
@Lemp3r 
@callBaja 
@L1L178
@BPrima777 
@lejef 
@4bby5 
@z‚Ä¶",2021-07-07 00:46:44,1412573763778928647,SEKNAS #RI,_SEKNAS_RI,332253511,"Jakarta Selatan, DKI Jakarta",,Sekretariat Nasional Relawan Indonesia,False,155233,2915,16784,163229,2011-07-09 13:46:07,https://pbs.twimg.com/profile_images/1404260750005137409/0XlgZBLl_normal.jpg
"RT @wisnu_prasetya: Yang belum vaksin di Jogja, silakan daftar di GMC UGM... https://t.co/dgywJeaM57",2021-07-07 00:37:36,1412571465224884226,Hann,habotaii,1077211912939528192,Indonesia,,"ENFJ

https://t.co/OZccOorRgu
ini tempat sambat, jangan dihujat aku maluüíÉ",False,822,943,2983,9213,2018-12-24 14:38:28,https://pbs.twimg.com/profile_images/1410917008045056002/gW905RZc_normal.jpg
"RT @wisnu_prasetya: Yang belum vaksin di Jogja, silakan daftar di GMC UGM... https://t.co/dgywJeaM57",2021-07-07 00:36:23,1412571160777166852,üíª diAbLos üéÆ,AL_diablos,730664598,Indonesia,https://t.co/yZGBBy6otm,"i am a #sinner, problem? ~ #retired #TeamSaveAs 
#bastard #damned
#BakoelCoepang ~ breeder & seller #bettafish

peternak ikan cupang rumahan üòå",False,3119,1097,12028,270405,2012-08-01 13:14:30,https://pbs.twimg.com/profile_images/1271522080165556224/LhXNPDqo_normal.jpg
"RT @wisnu_prasetya: Yang belum vaksin di Jogja, silakan daftar di GMC UGM... https://t.co/dgywJeaM57",2021-07-07 00:36:07,1412571094528139269,Rade Eva Panjaitan,rade_efp,74688507,Indonesia,,"jalan, makan, minum, nonton, baca, mikir, senang",False,729,731,40365,38515,2009-09-16 09:01:24,https://pbs.twimg.com/profile_images/1391369624520847367/jpFj0qKy_normal.jpg
"Lulus kuliah pen langsung balik jogja. Capek act like stranger with üßîüèª. Ngekos biar aman, biar amit2 kalo kena viru‚Ä¶ https://t.co/S8ITh8i3Dz",2021-07-07 00:17:04,1412566300589654016,Stephanie,78basketball_,4575461125,"Yogyakarta, Indonesia",,fitness & mixed martial arts ‚óè BLINK,False,11,21,1273,673,2015-12-16 13:25:03,https://pbs.twimg.com/profile_images/1261634342691848195/bbe0Xuq1_normal.jpg
"@SWTJNK Belum Jo, tiap mau daftar kuota full terus. Kamu  udah vaksin ? 
Masih di jogja jo?",2021-07-07 00:15:04,1412565795071160323,‚ô°¬¥ÔΩ•·¥óÔΩ•`‚ô°,yuniaaesti,1088522084,Yogyakarta,,,False,459,290,457,6689,2013-01-14 09:28:45,https://pbs.twimg.com/profile_images/1401201984552636422/PDjih-F0_normal.jpg
RT @PatubMbel: Yang di Jogja ayo vaksin. Vaksinmu utk org lain. Org lain vaksin utk kamu. Kasih-mengasihi. Lindung-melindungi. Donga-didong‚Ä¶,2021-07-07 00:13:55,1412565507702607873,COBA TEBAK,laurenciakl,318900563,Indonesia,,divide et impera.,False,850,551,759,63244,2011-06-17 07:09:15,https://pbs.twimg.com/profile_images/1394120017952657409/reggD_TL_normal.jpg
"RT @wisnu_prasetya: Yang belum vaksin di Jogja, silakan daftar di GMC UGM... https://t.co/dgywJeaM57",2021-07-07 00:09:11,1412564315081609220,Kanjeng Sultan,ayiekkresna,544170238,"Kota Surabaya, Jawa Timur",https://t.co/hBhiiCXpPU,"Yang paling darurat harus dilakukan untuk saat ini adalah
TANAM POHON untuk air demi anak cucu.",False,591,344,409,146217,2012-04-03 10:42:42,https://pbs.twimg.com/profile_images/1407042288635817989/qz2mq1cD_normal.jpg
"@InfoVaksinDIY Halo Min, adakah info vaksin untuk WNA di Jogja?
Ada teman WNA Jerman kesulitan akses vaksin publik,‚Ä¶ https://t.co/yM4yKkFG7r",2021-07-06 23:48:22,1412559074835582981,ÍßãÍ¶•Í¶∏Í¶†Í¶øÍ¶∂ Í¶±Í¶ºÍ¶†Í¶æÍ¶ÆÍ¶†Í¶∂Íßâ,putriataitu,2716432250,Jelas di hatimu,,bukan siapa-siapa,False,171,405,5738,1199,2014-08-08 07:27:11,https://pbs.twimg.com/profile_images/1411459504059797505/qiXvvnN1_normal.jpg
"Pakai Coronavac, Ini Alur Pendaftaran Suntik Vaksin Covid-19 Perusahaan di RS Siloam Jogja - https://t.co/k1uSYWPc8o https://t.co/XJ9ZlyR0xx",2021-07-06 23:41:35,1412557369662263296,Okezone Jogja,OkezoneJogja,887647201,,http://t.co/OfRZ0vfCJa,Okezone Jogja - Jawa Tengah : Informasi dan Update Berita Seputar Jogja - Solo - Semarang - Purworejo - Kutoarjo Jawa Tengah,False,288,68,0,33797,2012-10-17 22:09:09,https://pbs.twimg.com/profile_images/2730816192/014cd23505ec94666e147b5c4f1a0538_normal.png
"RT @wisnu_prasetya: Yang belum vaksin di Jogja, silakan daftar di GMC UGM... https://t.co/dgywJeaM57",2021-07-06 23:39:29,1412556838839586819,anemon laut,ewsaputro_,128766153,"Sleman, Indonesia",https://t.co/veMl8zrHkL,your serotonin,False,1048,495,1530,32281,2010-04-02 03:57:38,https://pbs.twimg.com/profile_images/1404100740231012352/P3wVx45J_normal.jpg
"Kemarin pas orang¬≤ bilang dingin, aku malah nggak terlalu ngerasain. Tapi pagi ini kenapa Jogja dingin sih. Mau man‚Ä¶ https://t.co/UqwZdDlm81",2021-07-06 23:38:23,1412556562904743938,Be yourself,Bakingbyrin,1374360999608819712,,,just for fun,False,0,16,3674,241,2021-03-23 14:03:09,https://abs.twimg.com/sticky/default_profile_images/default_profile_normal.png
RT @PatubMbel: Yang di Jogja ayo vaksin. Vaksinmu utk org lain. Org lain vaksin utk kamu. Kasih-mengasihi. Lindung-melindungi. Donga-didong‚Ä¶,2021-07-06 23:38:18,1412556541815771136,Dek Uuk,tidaksambat,43539646,,,Tak kenal maka ya udah,False,572,591,1683,39125,2009-05-30 15:04:42,https://pbs.twimg.com/profile_images/1251157742187761664/5F6vk5uc_normal.jpg
Sempet parno gara gara ngebaca vaksin di stasiun jogja udah penuh antriannya dari subuh. Malah yang berangkat hari‚Ä¶ https://t.co/JbeadkoW9j,2021-07-06 23:35:25,1412555816092065795,psssss,buonotomatoyo,1962331970,,https://t.co/w7JR8jx8k2,"üèÉ‚Äç‚ôÄÔ∏èüèÉ‚Äç‚ôÇÔ∏èüèÉ‚Äç‚ôÄÔ∏èüèÉ‚Äç‚ôÇÔ∏èüèÉ‚Äç‚ôÄÔ∏èüèÉ‚Äç‚ôÇÔ∏èüèÉ‚Äç‚ôÄÔ∏èüèÉ‚Äç‚ôÇÔ∏èüèÉ‚Äç‚ôÄÔ∏èüèÉ‚Äç‚ôÇÔ∏è
Manajemen '18",False,46,140,9590,2574,2013-10-15 09:55:58,https://pbs.twimg.com/profile_images/1360985787001573381/1ydKvzof_normal.jpg
"RT @wisnu_prasetya: Yang belum vaksin di Jogja, silakan daftar di GMC UGM... https://t.co/dgywJeaM57",2021-07-06 23:30:05,1412554476649517060,Ovie üåª,Beluv13L,57778039,"Bandung, Indonesia",,Manusia judes tukang jajan ga gendut2,False,372,630,8845,17958,2009-07-17 22:34:30,https://pbs.twimg.com/profile_images/1384840093676949514/DrSXUZK2_normal.jpg
"RT @wisnu_prasetya: Yang belum vaksin di Jogja, silakan daftar di GMC UGM... https://t.co/dgywJeaM57",2021-07-06 23:29:44,1412554386497105924,Lutf!,LuthfiiAhmad,104763465,Somewhere Nice,,"Sudah makan, beb ?? | GGMU | JOG - BDJ",False,615,592,8149,27146,2010-01-14 09:29:13,https://pbs.twimg.com/profile_images/487625332225081344/BVmGseBg_normal.jpeg
"RT @wisnu_prasetya: Yang belum vaksin di Jogja, silakan daftar di GMC UGM... https://t.co/dgywJeaM57",2021-07-06 23:23:21,1412552781102161922,NWFM,nowfme,445367680,,,NWFM,False,319,655,6720,8205,2011-12-24 09:42:40,https://pbs.twimg.com/profile_images/1346785581074841600/tHz4kokg_normal.jpg
RT @PatubMbel: Yang di Jogja ayo vaksin. Vaksinmu utk org lain. Org lain vaksin utk kamu. Kasih-mengasihi. Lindung-melindungi. Donga-didong‚Ä¶,2021-07-06 23:15:26,1412550788354744323,saya Wisatawan,chuk_prasetyo,3166645069,,,,False,186,677,3596,18035,2015-04-21 11:26:59,https://pbs.twimg.com/profile_images/1386290511925813248/XaHXS3CK_normal.jpg
"Baru buka pesen Dm insta dan dapet kabar temen meninggal krna covid 
Ya allah kenapa makin mengerikan sih ? 
Sedih‚Ä¶ https://t.co/Y5s2ZnjGZc",2021-07-06 23:10:49,1412549624976482304,Mel üò∂‚Äçüå´Ô∏è - Semi Rest -,PluffyLove,972028204373307392,Empty Space,,Just a potatoe,False,227,446,28371,34157,2018-03-09 08:35:58,https://pbs.twimg.com/profile_images/1406462776835330053/pIK55Ggk_normal.jpg
Infonya dong yg tinggal di jogja rumah sakit yg bisa vaksin buat orang yg bukan orang jogja,2021-07-06 22:59:39,1412546816340414465,Cakk,ChaaAnisa1,3313810166,samarinda,,,False,369,305,8595,6436,2015-08-12 23:45:47,https://pbs.twimg.com/profile_images/1411300085300752384/-vWJh0lC_normal.jpg
RT @PatubMbel: Yang di Jogja ayo vaksin. Vaksinmu utk org lain. Org lain vaksin utk kamu. Kasih-mengasihi. Lindung-melindungi. Donga-didong‚Ä¶,2021-07-06 22:56:48,1412546099613638656,N E D,sukotjo,71733078,,,,False,532,852,3029,30615,2009-09-05 05:09:06,https://pbs.twimg.com/profile_images/1409392678609899521/-6_PkxDL_normal.jpg
"@jogmfs Tolong di reshare ya gan siapa tau ada yang membutuhkan.
Info vaksin di Jogja:
Instagram @InfoVaksinDIY 
St‚Ä¶ https://t.co/dpd5QpP7Wk",2021-07-06 22:53:15,1412545207124459520,Fariz,kaneeboo,63042506,274,,"The goal is being rich, not look rich.
Silent active.
‚ñ´Ô∏èüèµÔ∏è‚ñ´Ô∏èüêò‚ñ´Ô∏èüïå‚ñ´Ô∏è",False,309,481,1730,4919,2009-08-05 05:22:01,https://pbs.twimg.com/profile_images/1382788901635387396/TnaAfVms_normal.jpg
"Jog bagi info dong vaksin di jogja yang bisa KTP luar jogja, syaratnya apa aja ya?",2021-07-06 22:49:21,1412544223132278787,BASE JOGJA /delvote on,jogmfs,420821783,RULES CEK LIKES/LINK DIBAWAH,https://t.co/gn7jYfQnJH,‚îÄ AUTO BASE untuk membahas tentang Jogja dan bukan base untuk mencari jodoh | Trigger JOG dan INFO | Pengaduan (Quote+Tag) @jnake @hminhyung atau reply /delvote,False,28183,1010,1355,145502,2011-11-25 04:22:49,https://pbs.twimg.com/profile_images/1252198486029656065/02v26FIW_normal.jpg
"@namagueyusdi @mrs_enci Entah knp Jogja menurut sy sangat lambat penangannya. Ortu saya di Bantul, utk lansia vaksi‚Ä¶ https://t.co/KM19s5J4QY",2021-07-06 22:22:20,1412537426535280643,Andreas Triadi,pumabiru,180630160,+62 21,,,False,108,123,353,3203,2010-08-20 02:43:52,https://pbs.twimg.com/profile_images/1295293338413752321/efajNsmI_normal.jpg
RT @PatubMbel: Yang di Jogja ayo vaksin. Vaksinmu utk org lain. Org lain vaksin utk kamu. Kasih-mengasihi. Lindung-melindungi. Donga-didong‚Ä¶,2021-07-06 22:10:11,1412534365737783296,nabung luck terus,basictapiasic,81560073,,,,False,600,2104,16261,105819,2009-10-11 09:46:53,https://pbs.twimg.com/profile_images/1219901987027685376/0F8stAra_normal.jpg
"RT @wisnu_prasetya: Yang belum vaksin di Jogja, silakan daftar di GMC UGM... https://t.co/dgywJeaM57",2021-07-06 22:09:03,1412534081460441089,Gema A. Firmansyah,Cak_Firman,325514011,,http://t.co/en33wcFkYh,on progress || #YNWA!,False,244,403,749,7678,2011-06-28 12:32:05,https://pbs.twimg.com/profile_images/465809917429837826/VRSsJSON_normal.jpeg
RT @PatubMbel: Yang di Jogja ayo vaksin. Vaksinmu utk org lain. Org lain vaksin utk kamu. Kasih-mengasihi. Lindung-melindungi. Donga-didong‚Ä¶,2021-07-06 22:00:31,1412531935792885762,Bayu Putranto,bayoewaelah,70293976,"√úT: -7.783542,110.36903",,Kancane Kancaku,False,456,364,49,40055,2009-08-31 03:18:54,https://pbs.twimg.com/profile_images/1229647580734291968/UtVbvQoU_normal.jpg
RT @PatubMbel: Yang di Jogja ayo vaksin. Vaksinmu utk org lain. Org lain vaksin utk kamu. Kasih-mengasihi. Lindung-melindungi. Donga-didong‚Ä¶,2021-07-06 21:56:54,1412531022915198976,Juragan Pempek Frozen,ekkyrezky,56625443,Lampung-Jogja-Depok,https://t.co/AePwrCBxUW,"Mengolah kata untuk menyambung hidup. Oh, sekarang juga jualan pempek buatan ibu.",False,2583,904,1503,80746,2009-07-14 06:19:12,https://pbs.twimg.com/profile_images/1043191539848032257/7tEYb8j9_normal.jpg
RT @PatubMbel: Yang di Jogja ayo vaksin. Vaksinmu utk org lain. Org lain vaksin utk kamu. Kasih-mengasihi. Lindung-melindungi. Donga-didong‚Ä¶,2021-07-06 21:51:03,1412529551775723522,Juni Anwar,anwarzones,95167276,Indonesia,,"ini adalah tempat cuitan perspektif juni, bisa juga dijadikan tempat bersandar biar gapapa. belajar terus, belajar bareng #anwzns - ""semua akan baik-baik saja""",False,553,855,1815,73740,2009-12-07 09:11:25,https://pbs.twimg.com/profile_images/1378383227606294530/2E78wk5P_normal.jpg
RT @PatubMbel: Yang di Jogja ayo vaksin. Vaksinmu utk org lain. Org lain vaksin utk kamu. Kasih-mengasihi. Lindung-melindungi. Donga-didong‚Ä¶,2021-07-06 21:33:44,1412525193226977282,Bobotoh UGM,Bobotoh_UGM,927614516,UGM-Yogyakarta,,"PERSIB Bandung adalah Identitas, Warisan, dan Marwah Kami!!",False,2667,350,226,41613,2012-11-05 13:24:27,https://pbs.twimg.com/profile_images/1316864581428338688/7xo0ovex_normal.jpg
RT @PatubMbel: Yang di Jogja ayo vaksin. Vaksinmu utk org lain. Org lain vaksin utk kamu. Kasih-mengasihi. Lindung-melindungi. Donga-didong‚Ä¶,2021-07-06 21:32:38,1412524918319706113,Papap Sakti,MSakti_,154448774,"Bandung, Indonesia",,‚ÄèŸÑÿßŸéÿ≠ŸéŸàŸíŸÑŸé ŸàŸéŸÑÿßŸé ŸÇŸèŸÄŸàŸéŸëÿ©Ÿé ÿ•ŸêŸÑÿßŸéŸë ÿ®ŸêÿßŸÑŸÑŸá,False,396,520,157,27948,2010-06-11 07:37:32,https://pbs.twimg.com/profile_images/1169970384747122690/DcAIVSe2_normal.jpg
RT @PatubMbel: Yang di Jogja ayo vaksin. Vaksinmu utk org lain. Org lain vaksin utk kamu. Kasih-mengasihi. Lindung-melindungi. Donga-didong‚Ä¶,2021-07-06 21:04:03,1412517726443106307,@okankamali,okankamali,1339078382160494592,,,berdoa & berusaha,False,102,199,606,3265,2020-12-16 05:22:35,https://pbs.twimg.com/profile_images/1339078700835303425/S8Ri7fwz_normal.jpg
"RT @wisnu_prasetya: Yang belum vaksin di Jogja, silakan daftar di GMC UGM... https://t.co/dgywJeaM57",2021-07-06 20:33:41,1412510084400238595,Aryono Putranto,IgnatiusAryono,538122224,Indonesia,,hidup itu INDAH,False,897,1087,15307,68099,2012-03-27 12:33:16,https://pbs.twimg.com/profile_images/1055300223642169345/JXqLYxjV_normal.jpg
"RT @wisnu_prasetya: Yang belum vaksin di Jogja, silakan daftar di GMC UGM... https://t.co/dgywJeaM57",2021-07-06 19:59:11,1412501399762464769,Sunny Side Up,gusnurim,367229939,Sleman-DIY,,"Suka typo.
jangan difollow, isinya shitpost.",False,355,429,216,18769,2011-09-03 16:21:16,https://pbs.twimg.com/profile_images/1403015583818387460/tVEwqLfc_normal.jpg
jogja 12+ vaksin https://t.co/L1hM6yVXNx,2021-07-06 19:52:50,1412499801162223616,stefani dyasih r,stefstefdr,432196645,Indonesia,,a Travel mecha girl that wants a simple life | MVP OT5 shawol. Poliglot 7 languages. Cats and dogs lover.,False,539,1558,15061,80718,2011-12-09 04:25:08,https://pbs.twimg.com/profile_images/1410183884789014532/N51DvVC1_normal.jpg
"Jogja udah ada vaksin buat umur 18 tahun+ belum ya, daripada aku ke jakarta cuma buat vaksin :[",2021-07-06 19:48:47,1412498784773308417,÷¥÷∂÷∏,shierokuma,1153832478873751552,on vacation ü•¢,,she/her.,False,21,23,1696,10037,2019-07-24 01:01:14,https://pbs.twimg.com/profile_images/1412442636187668480/uM7z4SQr_normal.jpg
"@Pusdalops_diy Maaf mau nanya  kalau ktp domisili semarang,tapi karna kerja di jogja,bisa ikutan vaksin kah dijogja‚Ä¶ https://t.co/PBZTROssOI",2021-07-06 19:44:30,1412497703225815041,naa,echy_ratnasari,2964738110,"-6.972784, 110.312203",,"I hope lots of luck everyday

Ig : @naaniinuuneeno",False,119,502,141,9067,2015-01-08 02:36:54,https://pbs.twimg.com/profile_images/1232104865326747648/vyUvW3uu_normal.jpg
"RT @wisnu_prasetya: Yang belum vaksin di Jogja, silakan daftar di GMC UGM... https://t.co/dgywJeaM57",2021-07-06 19:08:06,1412488546057736196,novi,reds_sunshine,479099017,,,kang pijat keliling,False,661,1209,1149,11279,2012-01-31 00:53:57,https://pbs.twimg.com/profile_images/1318897393429999616/qj7ablUU_normal.jpg
"RT @wisnu_prasetya: Yang belum vaksin di Jogja, silakan daftar di GMC UGM... https://t.co/dgywJeaM57",2021-07-06 18:40:01,1412481478995238912,Lestari Budi Okta,LestariBudiOkt1,1226119637160493056,,,garing,False,13,182,4055,1473,2020-02-08 12:24:52,https://pbs.twimg.com/profile_images/1226119934469521409/UPTXYLr0_normal.jpg
"RT @wisnu_prasetya: Yang belum vaksin di Jogja, silakan daftar di GMC UGM... https://t.co/dgywJeaM57",2021-07-06 18:31:23,1412479306211618817,Khey Riski W.U,khey_kikikay,79127821,"Yogyakarta, INA",https://t.co/ttL3Jfck1p,Lamis iku kudu strategis!,False,356,656,1796,68401,2009-10-02 08:06:08,https://pbs.twimg.com/profile_images/872475401284575232/9_0deUjD_normal.jpg
RT @PatubMbel: Yang di Jogja ayo vaksin. Vaksinmu utk org lain. Org lain vaksin utk kamu. Kasih-mengasihi. Lindung-melindungi. Donga-didong‚Ä¶,2021-07-06 18:30:56,1412479190528446464,abcde,afiaaa,39730207,Indonesia,,,False,806,543,4251,63887,2009-05-13 11:15:05,https://pbs.twimg.com/profile_images/1396839727953633295/VGdV6Ckn_normal.jpg
"RT @wisnu_prasetya: Yang belum vaksin di Jogja, silakan daftar di GMC UGM... https://t.co/dgywJeaM57",2021-07-06 18:29:10,1412478746842460163,–Ø–Ω–∏,yanie_srikandi,296701045,"Yogyakarta, Indonesia",https://t.co/cIQp1QUiYc,otw Sarjana Sambat UGM. fs; Javanese philology ‚Ä¢ owner @jawasastra bukan admin ‚Ä¢ gejotism ‚Ä¢ Telegram : @.yaaannnnnn üåª,False,1463,906,224,39597,2011-05-11 07:55:20,https://pbs.twimg.com/profile_images/1313501193902059521/l0Gis5fP_normal.jpg
"@iskarhm_ Mbak mau tanya, saya di jogja mau balik ke jakarta naik bis, blm vaksin bisa gak ya?",2021-07-06 18:22:34,1412477085361184768,agif,xagifx,1339593160712863744,,,fck y‚Äôall,False,3,3,3,14,2020-12-17 15:28:02,https://pbs.twimg.com/profile_images/1352929288094240768/068bVuqY_normal.jpg
info vaksin jogja plsüò≠,2021-07-06 18:15:52,1412475398282092549,shelby,901drive__,1217243284994576384,,https://t.co/4cTmXTMN3b,akun sampah setela tiktok,False,107,87,81,824,2020-01-15 00:33:30,https://pbs.twimg.com/profile_images/1397910951442092036/uHUwN3iP_normal.jpg
"RT @wisnu_prasetya: Yang belum vaksin di Jogja, silakan daftar di GMC UGM... https://t.co/dgywJeaM57",2021-07-06 18:09:55,1412473904531075072,DAMAüëΩ,anticurut,123179968,Indonesia,,being weird make me aliveüëª,False,946,663,979,136229,2010-03-15 07:41:10,https://pbs.twimg.com/profile_images/1382673979782008836/7527SrkE_normal.jpg
RT @PatubMbel: Yang di Jogja ayo vaksin. Vaksinmu utk org lain. Org lain vaksin utk kamu. Kasih-mengasihi. Lindung-melindungi. Donga-didong‚Ä¶,2021-07-06 17:39:07,1412466149766438914,Sequoia,verinich,1933278782,,,Fiat Voluntas Tua,False,479,364,701,19202,2013-10-04 06:21:44,https://pbs.twimg.com/profile_images/1403746406632804356/KeoookeA_normal.jpg
"RT @45_fifi: Vaksin SINOVAC. Getok tular,say @NyiAgeng_Jogja Teman2 di Jogja masih ada yang bingung info vaksin @InfoVaksinDIY
bantu Up inf‚Ä¶",2021-07-06 17:19:16,1412461155142881282,mamung,mamung51550576,1411952384033497088,,,"No Hoax,NKRI HARGA MATI,Cari temen sebanyak mungkin",False,556,843,602,134,2021-07-05 07:38:16,https://pbs.twimg.com/profile_images/1411955459741782018/TLAV4ys8_normal.jpg
"RT @45_fifi: Vaksin Astra Zeneca, 
@NyiAgeng_Jogja.
@InfoVaksinDIY.
üÜô
@july_77a 
@Lemp3r 
@callBaja 
@L1L178
@BPrima777 
@lejef 
@4bby5 
@z‚Ä¶",2021-07-06 17:18:35,1412460982564048897,mamung,mamung51550576,1411952384033497088,,,"No Hoax,NKRI HARGA MATI,Cari temen sebanyak mungkin",False,556,843,602,134,2021-07-05 07:38:16,https://pbs.twimg.com/profile_images/1411955459741782018/TLAV4ys8_normal.jpg
"RT @wisnu_prasetya: Yang belum vaksin di Jogja, silakan daftar di GMC UGM... https://t.co/dgywJeaM57",2021-07-06 17:16:16,1412460399023190016,üò∑,fiyash,116055503,,https://t.co/r10GDTt9Ta,altruis,False,787,489,503,54346,2010-02-21 00:38:39,https://pbs.twimg.com/profile_images/655334547844788224/lf6Lw70m_normal.jpg
RT @PatubMbel: Yang di Jogja ayo vaksin. Vaksinmu utk org lain. Org lain vaksin utk kamu. Kasih-mengasihi. Lindung-melindungi. Donga-didong‚Ä¶,2021-07-06 17:12:59,1412459575693824001,Nirwan Darmawan,NirwanDarmawan5,1266747970461958144,,,,False,1,367,84,171,2020-05-30 15:07:22,https://abs.twimg.com/sticky/default_profile_images/default_profile_normal.png
"RT @wisnu_prasetya: Yang belum vaksin di Jogja, silakan daftar di GMC UGM... https://t.co/dgywJeaM57",2021-07-06 17:12:06,1412459350946246663,the cocot can blank,qixxxks,1105540925801914368,,,berlari,False,20,152,606,10080,2019-03-12 18:47:51,https://pbs.twimg.com/profile_images/1257107509015273473/h9eK6jm9_normal.jpg
"RT @wisnu_prasetya: Yang belum vaksin di Jogja, silakan daftar di GMC UGM... https://t.co/dgywJeaM57",2021-07-06 17:06:53,1412458040087904261,Penghamba weekend.,Wavymessy,39669437,In the pocket near your heart ,,Wondering what should I do next.,False,392,304,351,71677,2009-05-13 02:44:33,https://pbs.twimg.com/profile_images/1040297261312270337/9s0cHeSz_normal.jpg
"RT @wisnu_prasetya: Yang belum vaksin di Jogja, silakan daftar di GMC UGM... https://t.co/dgywJeaM57",2021-07-06 17:00:53,1412456528028717057,cen,chewnnaa,358615956,Indonesia,https://t.co/bxzJo2ddib,suka foto gajelas tapi ga jago-jago,False,398,910,2786,35960,2011-08-20 06:12:40,https://pbs.twimg.com/profile_images/1338928548824793088/8uwP8uZM_normal.jpg
Kenapa death rate c19 makin tinggi ya üò≠ US rebel gitu¬≤ grafiknya bisa flat karena high vaccination rate.. YAALLAH P‚Ä¶ https://t.co/qI6egzo16m,2021-07-06 16:58:36,1412455954369499139,‚ú¶ Res ‚≠êüåôüáµüá∏üáÆüá©,ResFan123,1148859797032226817,,https://t.co/r8ZipbiDyA,"FAN ACCOUNT to mostly hype Treasure ‚ú¶ Ult: KDY. YG Stan. Support recent and ex. Ult: InnerHiceTeume. CNBLUE, The Rose. 98l. Kadang curhat RL :') üáÆüá©.",False,739,1278,15501,40391,2019-07-10 07:41:35,https://pbs.twimg.com/profile_images/1405121192864845828/DppaE5G6_normal.jpg
Info vaksin jogja dong,2021-07-06 16:51:07,1412454071844302848,Ÿã,aliftriantoo,585398618,,,Lowkey a normal lad your friends talk about.,False,262,285,9253,5474,2012-05-20 05:50:12,https://pbs.twimg.com/profile_images/1325701030990934016/L_tRkxnX_normal.jpg
"RT @wisnu_prasetya: Yang belum vaksin di Jogja, silakan daftar di GMC UGM... https://t.co/dgywJeaM57",2021-07-06 16:49:37,1412453692352069632,Tjok Khresna,ucokhresna,181841015,DPS - SOC - JOG - PGK,,sudah mencapai tahap menertawakan penderitaan diri sendiri ~,False,459,646,3831,52184,2010-08-23 05:12:32,https://pbs.twimg.com/profile_images/2939467881/953d939c724fb61b8221f0cffb53d564_normal.jpeg
"RT @wisnu_prasetya: Yang belum vaksin di Jogja, silakan daftar di GMC UGM... https://t.co/dgywJeaM57",2021-07-06 16:45:59,1412452778870382592,üçë,iclus_,1309879044695945216,,,self proclaimed artist,False,38,135,9158,1591,2020-09-26 15:34:56,https://pbs.twimg.com/profile_images/1412295785908097024/BD3pLMHa_normal.jpg
